SET NAMES UTF8MB4;
SET CHARACTER SET utf8mb4;
CREATE DATABASE IF NOT EXISTS school_management CHARACTER SET utf8mb4 COLLATE utf8mb4_unicode_ci;
USE school_management;

-- Insert sample data

-- Create tables

CREATE TABLE IF  NOT EXISTS department  (
    DepartmentID INT PRIMARY KEY AUTO_INCREMENT,
    DepartmentName VARCHAR(100) NOT NULL UNIQUE
);

CREATE TABLE IF  NOT EXISTS courses  (
 CourseID INT PRIMARY KEY AUTO_INCREMENT,
 CourseCode VARCHAR(50) NOT NULL,
 CourseName VARCHAR(255) NOT NULL,
 Credits INT NOT NULL,
 Description TEXT,
 DepartmentID INT,
 FOREIGN KEY (DepartmentID) REFERENCES department(DepartmentID)

);

CREATE TABLE IF  NOT EXISTS users (
 UserID INT PRIMARY KEY AUTO_INCREMENT,
 Username VARCHAR(50) UNIQUE NOT NULL,
 PasswordHash VARCHAR(255) NOT NULL,
 FullName VARCHAR(255) NOT NULL,
 Email VARCHAR(255) UNIQUE NOT NULL,
 PhoneNumber VARCHAR(20),
 UserType ENUM('Cán bộ quản lý', 'Giáo viên', 'Học sinh') NOT NULL,
 DateCreated DATETIME DEFAULT CURRENT_TIMESTAMP,
 LastLogin DATETIME
);
ALTER TABLE users CONVERT TO CHARACTER SET utf8mb4 COLLATE utf8mb4_unicode_ci;

CREATE TABLE IF  NOT EXISTS students (
 StudentID INT PRIMARY KEY AUTO_INCREMENT,
 UserID INT UNIQUE NOT NULL,
 StudentCode VARCHAR(50),
 DateOfBirth DATE,
 Major VARCHAR(255),
 EnrollmentDate DATE,
 DepartmentID INT,
 FOREIGN KEY (UserID) REFERENCES users(UserID),
 FOREIGN KEY (DepartmentID) REFERENCES department(DepartmentID)

);

CREATE TABLE  IF  NOT EXISTS teachers (
 TeacherID INT PRIMARY KEY AUTO_INCREMENT,
 UserID INT UNIQUE NOT NULL,
 TeacherCode VARCHAR(50),
 Department VARCHAR(255),
 HireDate DATE,
 DepartmentID INT,
 FOREIGN KEY (UserID) REFERENCES users(UserID),
 FOREIGN KEY (DepartmentID) REFERENCES department(DepartmentID)

);

CREATE TABLE   IF  NOT EXISTS classes (
 ClassID INT PRIMARY KEY AUTO_INCREMENT,
 CourseID INT NOT NULL,
 TeacherID INT,
Semester ENUM('Học kỳ 1', 'Học kỳ 2', 'Học kỳ hè') NOT NULL,

 AcademicYear VARCHAR(10) NOT NULL,
 MaxCapacity INT,
 CurrentEnrollment INT DEFAULT 0,
 

 Status VARCHAR(20) NOT NULL CHECK (Status IN ('Mở đăng ký', 'Đang học', 'Hoàn thành')),

 StartDate DATE NOT NULL,
 EndDate DATE NOT NULL,
 FOREIGN KEY (CourseID) REFERENCES courses(CourseID),
 FOREIGN KEY (TeacherID) REFERENCES teachers(TeacherID)
);

CREATE TABLE IF NOT EXISTS schedules (
 ScheduleID INT AUTO_INCREMENT PRIMARY KEY,
 ClassID INT NOT NULL,
 DayOfWeek VARCHAR(50) NOT NULL,
 StartTime TIME NOT NULL,
 EndTime TIME NOT NULL,
 RoomLocation VARCHAR(100),
 FOREIGN KEY (ClassID) REFERENCES classes(ClassID)
);

CREATE TABLE IF NOT EXISTS enrollments (
 EnrollmentID INT AUTO_INCREMENT PRIMARY KEY,
 StudentID INT,
 ClassID INT,
 EnrollmentDate DATETIME,
 CancellationDate DATETIME DEFAULT NULL,
 Status ENUM('Đã đăng ký', 'Đã hủy', 'Đã hoàn thành','Rớt môn') NOT NULL,

 Grade VARCHAR(6),
 Score DECIMAL(3,1) CHECK (Score >= 0 AND Score <= 10), -- điểm số 0 tới 10

 FOREIGN KEY (StudentID) REFERENCES students(StudentID),
 FOREIGN KEY (ClassID) REFERENCES classes(ClassID)
);

-- Data for table: department
INSERT INTO department (DepartmentID, DepartmentName) VALUES
(1, 'Khoa học máy tính'),
(2, 'An Toàn Thông Tin'),
(3, 'Kỹ thuật phần mềm'),
(4, 'Hệ thống thông tin'),
(5, 'Quản trị kinh doanh'),
(6, 'Ngoại ngữ');

-- Data for table: courses
INSERT INTO courses (CourseID, CourseCode, CourseName, Credits, Description, DepartmentID) VALUES
(1, 'IT101', 'Nhập môn lập trình', 3, 'Kiến thức cơ bản về lập trình với Python.', 1),
(2, 'IT102', 'Cấu trúc dữ liệu và giải thuật', 4, 'Các cấu trúc dữ liệu cơ bản và thuật toán sắp xếp, tìm kiếm.', 1),
(3, 'IT201', 'Lập trình hướng đối tượng', 4, 'Nguyên lý và ứng dụng của lập trình hướng đối tượng với Java.', 1),
(4, 'IT203', 'Mạng máy tính', 3, 'Các khái niệm cơ bản về mạng, mô hình OSI, TCP-IP.', 1),
(5, 'SEC201', 'An ninh mạng cơ bản', 3, 'Tổng quan về các mối đe dọa và phương pháp phòng thủ.', 2),
(6, 'SEC301', 'Mật mã học', 4, 'Các hệ mật mã cổ điển và hiện đại.', 2),
(7, 'SE101', 'Quy trình phát triển phần mềm', 3, 'Các mô hình phát triển phần mềm như Waterfall, Agile, Scrum.', 3),
(8, 'SE202', 'Kiểm thử phần mềm', 3, 'Các kỹ thuật và phương pháp kiểm thử phần mềm.', 3),
(9, 'IS201', 'Cơ sở dữ liệu', 4, 'Thiết kế, triển khai và quản trị cơ sở dữ liệu quan hệ.', 4),
(10, 'IS302', 'Phân tích và thiết kế hệ thống', 3, 'Quy trình phân tích yêu cầu và thiết kế hệ thống thông tin.', 4),
(11, 'BA101', 'Quản trị học', 3, 'Các nguyên lý cơ bản của quản trị doanh nghiệp.', 5),
(12, 'BA102', 'Kinh tế vi mô', 3, 'Phân tích hành vi của người tiêu dùng và doanh nghiệp.', 5),
(13, 'MK101', 'Nguyên lý Marketing', 3, 'Các khái niệm và chiến lược Marketing căn bản.', 5),
(14, 'MK201', 'Marketing kỹ thuật số', 3, 'Sử dụng các công cụ số để thực hiện chiến dịch Marketing.', 5),
(15, 'EN101', 'Ngữ pháp tiếng Anh', 3, 'Củng cố và nâng cao kiến thức ngữ pháp.', 6),
(16, 'EN202', 'Kỹ năng viết học thuật', 3, 'Rèn luyện kỹ năng viết luận, báo cáo bằng tiếng Anh.', 6);

-- Data for table: users
INSERT INTO users (UserID, Username, PasswordHash, FullName, Email, PhoneNumber, UserType, DateCreated, LastLogin) VALUES
(1, 'qly2025', '$2a$10$sE1v3IU6609b6xXcUTJRiOAud42Ws6rORgW3uzuzAZvHgfswTqQvO', 'Ngô Văn Tuấn', 'qly2025@school.edu.vn', '0916830229', 'Cán bộ quản lý', NOW(), NULL),
(2, 'qly2026', '$2a$10$sE1v3IU6609b6xXcUTJRiOAud42Ws6rORgW3uzuzAZvHgfswTqQvO', 'Ngô Văn Anh', 'qly2026@school.edu.vn', '0915528027', 'Cán bộ quản lý', NOW(), NULL),
(3, 'qly2027', '$2a$10$sE1v3IU6609b6xXcUTJRiOAud42Ws6rORgW3uzuzAZvHgfswTqQvO', 'Đặng Hữu Khánh', 'qly2027@school.edu.vn', '0917034730', 'Cán bộ quản lý', NOW(), NULL),
(4, 'qly2028', '$2a$10$sE1v3IU6609b6xXcUTJRiOAud42Ws6rORgW3uzuzAZvHgfswTqQvO', 'Nguyễn Hữu Minh', 'qly2028@school.edu.vn', '0911583572', 'Cán bộ quản lý', NOW(), NULL),
(5, 'qly2029', '$2a$10$sE1v3IU6609b6xXcUTJRiOAud42Ws6rORgW3uzuzAZvHgfswTqQvO', 'Hoàng Văn Thắng', 'qly2029@school.edu.vn', '0919288832', 'Cán bộ quản lý', NOW(), NULL),
(6, 'gv1001', '$2a$10$sE1v3IU6609b6xXcUTJRiOAud42Ws6rORgW3uzuzAZvHgfswTqQvO', 'Trần Văn Huy', 'gv1001@school.edu.vn', '0984788450', 'Giáo viên', NOW(), NULL),
(7, 'gv1002', '$2a$10$sE1v3IU6609b6xXcUTJRiOAud42Ws6rORgW3uzuzAZvHgfswTqQvO', 'Bùi Thị Nga', 'gv1002@school.edu.vn', '0987636201', 'Giáo viên', NOW(), NULL),
(8, 'gv1003', '$2a$10$sE1v3IU6609b6xXcUTJRiOAud42Ws6rORgW3uzuzAZvHgfswTqQvO', 'Ngô Thị Nga', 'gv1003@school.edu.vn', '0984740197', 'Giáo viên', NOW(), NULL),
(9, 'gv1004', '$2a$10$sE1v3IU6609b6xXcUTJRiOAud42Ws6rORgW3uzuzAZvHgfswTqQvO', 'Dương Văn Dũng', 'gv1004@school.edu.vn', '0985431496', 'Giáo viên', NOW(), NULL),
(10, 'gv1005', '$2a$10$sE1v3IU6609b6xXcUTJRiOAud42Ws6rORgW3uzuzAZvHgfswTqQvO', 'Trần Mỹ Ngọc', 'gv1005@school.edu.vn', '0987311992', 'Giáo viên', NOW(), NULL),
(11, 'gv1006', '$2a$10$sE1v3IU6609b6xXcUTJRiOAud42Ws6rORgW3uzuzAZvHgfswTqQvO', 'Phạm Hữu Long', 'gv1006@school.edu.vn', '0983568846', 'Giáo viên', NOW(), NULL),
(12, 'gv1007', '$2a$10$sE1v3IU6609b6xXcUTJRiOAud42Ws6rORgW3uzuzAZvHgfswTqQvO', 'Hồ Hữu Long', 'gv1007@school.edu.vn', '0982959131', 'Giáo viên', NOW(), NULL),
(13, 'gv1008', '$2a$10$sE1v3IU6609b6xXcUTJRiOAud42Ws6rORgW3uzuzAZvHgfswTqQvO', 'Hoàng Hữu Sơn', 'gv1008@school.edu.vn', '0987585568', 'Giáo viên', NOW(), NULL),
(14, 'gv1009', '$2a$10$sE1v3IU6609b6xXcUTJRiOAud42Ws6rORgW3uzuzAZvHgfswTqQvO', 'Trần Hữu Hiếu', 'gv1009@school.edu.vn', '0988036432', 'Giáo viên', NOW(), NULL),
(15, 'gv1010', '$2a$10$sE1v3IU6609b6xXcUTJRiOAud42Ws6rORgW3uzuzAZvHgfswTqQvO', 'Đặng Hữu Phong', 'gv1010@school.edu.vn', '0981462736', 'Giáo viên', NOW(), NULL),
(16, 'gv1011', '$2a$10$sE1v3IU6609b6xXcUTJRiOAud42Ws6rORgW3uzuzAZvHgfswTqQvO', 'Hồ Hữu Cường', 'gv1011@school.edu.vn', '0984625359', 'Giáo viên', NOW(), NULL),
(17, 'gv1012', '$2a$10$sE1v3IU6609b6xXcUTJRiOAud42Ws6rORgW3uzuzAZvHgfswTqQvO', 'Đỗ Mỹ Quỳnh', 'gv1012@school.edu.vn', '0982776109', 'Giáo viên', NOW(), NULL),
(18, 'gv1013', '$2a$10$sE1v3IU6609b6xXcUTJRiOAud42Ws6rORgW3uzuzAZvHgfswTqQvO', 'Nguyễn Thị Thảo', 'gv1013@school.edu.vn', '0984175497', 'Giáo viên', NOW(), NULL),
(19, 'gv1014', '$2a$10$sE1v3IU6609b6xXcUTJRiOAud42Ws6rORgW3uzuzAZvHgfswTqQvO', 'Phan Mỹ Lan', 'gv1014@school.edu.vn', '0987204668', 'Giáo viên', NOW(), NULL),
(20, 'gv1015', '$2a$10$sE1v3IU6609b6xXcUTJRiOAud42Ws6rORgW3uzuzAZvHgfswTqQvO', 'Ngô Thị Hà', 'gv1015@school.edu.vn', '0985756642', 'Giáo viên', NOW(), NULL),
(21, 'gv1016', '$2a$10$sE1v3IU6609b6xXcUTJRiOAud42Ws6rORgW3uzuzAZvHgfswTqQvO', 'Đỗ Mỹ Dung', 'gv1016@school.edu.vn', '0986453950', 'Giáo viên', NOW(), NULL),
(22, 'gv1017', '$2a$10$sE1v3IU6609b6xXcUTJRiOAud42Ws6rORgW3uzuzAZvHgfswTqQvO', 'Trần Thị Phương', 'gv1017@school.edu.vn', '0984692781', 'Giáo viên', NOW(), NULL),
(23, 'gv1018', '$2a$10$sE1v3IU6609b6xXcUTJRiOAud42Ws6rORgW3uzuzAZvHgfswTqQvO', 'Đỗ Thị Quỳnh', 'gv1018@school.edu.vn', '0982338559', 'Giáo viên', NOW(), NULL),
(24, 'gv1019', '$2a$10$sE1v3IU6609b6xXcUTJRiOAud42Ws6rORgW3uzuzAZvHgfswTqQvO', 'Đặng Hữu Anh', 'gv1019@school.edu.vn', '0983219679', 'Giáo viên', NOW(), NULL),
(25, 'gv1020', '$2a$10$sE1v3IU6609b6xXcUTJRiOAud42Ws6rORgW3uzuzAZvHgfswTqQvO', 'Huỳnh Văn Nam', 'gv1020@school.edu.vn', '0987036414', 'Giáo viên', NOW(), NULL),
(26, 'gv1021', '$2a$10$sE1v3IU6609b6xXcUTJRiOAud42Ws6rORgW3uzuzAZvHgfswTqQvO', 'Đỗ Văn Sơn', 'gv1021@school.edu.vn', '0981988194', 'Giáo viên', NOW(), NULL),
(27, 'gv1022', '$2a$10$sE1v3IU6609b6xXcUTJRiOAud42Ws6rORgW3uzuzAZvHgfswTqQvO', 'Huỳnh Mỹ Chi', 'gv1022@school.edu.vn', '0989168959', 'Giáo viên', NOW(), NULL),
(28, 'gv1023', '$2a$10$sE1v3IU6609b6xXcUTJRiOAud42Ws6rORgW3uzuzAZvHgfswTqQvO', 'Đỗ Hữu Huy', 'gv1023@school.edu.vn', '0982374919', 'Giáo viên', NOW(), NULL),
(29, 'gv1024', '$2a$10$sE1v3IU6609b6xXcUTJRiOAud42Ws6rORgW3uzuzAZvHgfswTqQvO', 'Hồ Thị Lan', 'gv1024@school.edu.vn', '0985755572', 'Giáo viên', NOW(), NULL),
(30, 'gv1025', '$2a$10$sE1v3IU6609b6xXcUTJRiOAud42Ws6rORgW3uzuzAZvHgfswTqQvO', 'Huỳnh Mỹ Mai', 'gv1025@school.edu.vn', '0981281407', 'Giáo viên', NOW(), NULL),
(31, 'gv1026', '$2a$10$sE1v3IU6609b6xXcUTJRiOAud42Ws6rORgW3uzuzAZvHgfswTqQvO', 'Lê Thị Thảo', 'gv1026@school.edu.vn', '0984571833', 'Giáo viên', NOW(), NULL),
(32, 'gv1027', '$2a$10$sE1v3IU6609b6xXcUTJRiOAud42Ws6rORgW3uzuzAZvHgfswTqQvO', 'Trần Hữu Sơn', 'gv1027@school.edu.vn', '0981923610', 'Giáo viên', NOW(), NULL),
(33, 'gv1028', '$2a$10$sE1v3IU6609b6xXcUTJRiOAud42Ws6rORgW3uzuzAZvHgfswTqQvO', 'Đỗ Thị Giang', 'gv1028@school.edu.vn', '0987505909', 'Giáo viên', NOW(), NULL),
(34, 'gv1029', '$2a$10$sE1v3IU6609b6xXcUTJRiOAud42Ws6rORgW3uzuzAZvHgfswTqQvO', 'Phan Hữu Tuấn', 'gv1029@school.edu.vn', '0982111836', 'Giáo viên', NOW(), NULL),
(35, 'gv1030', '$2a$10$sE1v3IU6609b6xXcUTJRiOAud42Ws6rORgW3uzuzAZvHgfswTqQvO', 'Hoàng Thị Quỳnh', 'gv1030@school.edu.vn', '0987152066', 'Giáo viên', NOW(), NULL),
(36, 'gv1031', '$2a$10$sE1v3IU6609b6xXcUTJRiOAud42Ws6rORgW3uzuzAZvHgfswTqQvO', 'Nguyễn Thị Nga', 'gv1031@school.edu.vn', '0986654793', 'Giáo viên', NOW(), NULL),
(37, 'gv1032', '$2a$10$sE1v3IU6609b6xXcUTJRiOAud42Ws6rORgW3uzuzAZvHgfswTqQvO', 'Bùi Văn Nam', 'gv1032@school.edu.vn', '0983654588', 'Giáo viên', NOW(), NULL),
(38, 'gv1033', '$2a$10$sE1v3IU6609b6xXcUTJRiOAud42Ws6rORgW3uzuzAZvHgfswTqQvO', 'Hồ Mỹ Ngọc', 'gv1033@school.edu.vn', '0989374297', 'Giáo viên', NOW(), NULL),
(39, 'gv1034', '$2a$10$sE1v3IU6609b6xXcUTJRiOAud42Ws6rORgW3uzuzAZvHgfswTqQvO', 'Hoàng Thị Giang', 'gv1034@school.edu.vn', '0989933183', 'Giáo viên', NOW(), NULL),
(40, 'gv1035', '$2a$10$sE1v3IU6609b6xXcUTJRiOAud42Ws6rORgW3uzuzAZvHgfswTqQvO', 'Đặng Mỹ Dung', 'gv1035@school.edu.vn', '0982147739', 'Giáo viên', NOW(), NULL),
(41, 'gv1036', '$2a$10$sE1v3IU6609b6xXcUTJRiOAud42Ws6rORgW3uzuzAZvHgfswTqQvO', 'Huỳnh Mỹ Chi', 'gv1036@school.edu.vn', '0982141675', 'Giáo viên', NOW(), NULL),
(42, 'gv1037', '$2a$10$sE1v3IU6609b6xXcUTJRiOAud42Ws6rORgW3uzuzAZvHgfswTqQvO', 'Dương Thị Mai', 'gv1037@school.edu.vn', '0984860339', 'Giáo viên', NOW(), NULL),
(43, 'gv1038', '$2a$10$sE1v3IU6609b6xXcUTJRiOAud42Ws6rORgW3uzuzAZvHgfswTqQvO', 'Hồ Văn Thắng', 'gv1038@school.edu.vn', '0988582153', 'Giáo viên', NOW(), NULL),
(44, 'gv1039', '$2a$10$sE1v3IU6609b6xXcUTJRiOAud42Ws6rORgW3uzuzAZvHgfswTqQvO', 'Hoàng Văn Anh', 'gv1039@school.edu.vn', '0988999106', 'Giáo viên', NOW(), NULL),
(45, 'gv1040', '$2a$10$sE1v3IU6609b6xXcUTJRiOAud42Ws6rORgW3uzuzAZvHgfswTqQvO', 'Hồ Văn Dũng', 'gv1040@school.edu.vn', '0989811287', 'Giáo viên', NOW(), NULL),
(46, 'gv1041', '$2a$10$sE1v3IU6609b6xXcUTJRiOAud42Ws6rORgW3uzuzAZvHgfswTqQvO', 'Lê Mỹ Chi', 'gv1041@school.edu.vn', '0983571955', 'Giáo viên', NOW(), NULL),
(47, 'gv1042', '$2a$10$sE1v3IU6609b6xXcUTJRiOAud42Ws6rORgW3uzuzAZvHgfswTqQvO', 'Bùi Thị Lan', 'gv1042@school.edu.vn', '0982079524', 'Giáo viên', NOW(), NULL),
(48, 'gv1043', '$2a$10$sE1v3IU6609b6xXcUTJRiOAud42Ws6rORgW3uzuzAZvHgfswTqQvO', 'Dương Văn Khánh', 'gv1043@school.edu.vn', '0985281341', 'Giáo viên', NOW(), NULL),
(49, 'gv1044', '$2a$10$sE1v3IU6609b6xXcUTJRiOAud42Ws6rORgW3uzuzAZvHgfswTqQvO', 'Đỗ Thị Thảo', 'gv1044@school.edu.vn', '0989860456', 'Giáo viên', NOW(), NULL),
(50, 'gv1045', '$2a$10$sE1v3IU6609b6xXcUTJRiOAud42Ws6rORgW3uzuzAZvHgfswTqQvO', 'Bùi Thị Giang', 'gv1045@school.edu.vn', '0986463051', 'Giáo viên', NOW(), NULL),
(51, 'gv1046', '$2a$10$sE1v3IU6609b6xXcUTJRiOAud42Ws6rORgW3uzuzAZvHgfswTqQvO', 'Dương Thị Lan', 'gv1046@school.edu.vn', '0983786299', 'Giáo viên', NOW(), NULL),
(52, 'gv1047', '$2a$10$sE1v3IU6609b6xXcUTJRiOAud42Ws6rORgW3uzuzAZvHgfswTqQvO', 'Trần Mỹ Hương', 'gv1047@school.edu.vn', '0987525794', 'Giáo viên', NOW(), NULL),
(53, 'gv1048', '$2a$10$sE1v3IU6609b6xXcUTJRiOAud42Ws6rORgW3uzuzAZvHgfswTqQvO', 'Hoàng Hữu Hiếu', 'gv1048@school.edu.vn', '0983433309', 'Giáo viên', NOW(), NULL),
(54, 'gv1049', '$2a$10$sE1v3IU6609b6xXcUTJRiOAud42Ws6rORgW3uzuzAZvHgfswTqQvO', 'Trần Mỹ Lan', 'gv1049@school.edu.vn', '0984629462', 'Giáo viên', NOW(), NULL),
(55, 'gv1050', '$2a$10$sE1v3IU6609b6xXcUTJRiOAud42Ws6rORgW3uzuzAZvHgfswTqQvO', 'Võ Thị Nga', 'gv1050@school.edu.vn', '0988475297', 'Giáo viên', NOW(), NULL),
(56, 'hs20001', '$2a$10$sE1v3IU6609b6xXcUTJRiOAud42Ws6rORgW3uzuzAZvHgfswTqQvO', 'Bùi Thị Mai', 'hs20001@school.edu.vn', '0385983588', 'Học sinh', NOW(), NULL),
(57, 'hs20002', '$2a$10$sE1v3IU6609b6xXcUTJRiOAud42Ws6rORgW3uzuzAZvHgfswTqQvO', 'Phan Hữu Việt', 'hs20002@school.edu.vn', '0315850288', 'Học sinh', NOW(), NULL),
(58, 'hs20003', '$2a$10$sE1v3IU6609b6xXcUTJRiOAud42Ws6rORgW3uzuzAZvHgfswTqQvO', 'Hoàng Hữu Anh', 'hs20003@school.edu.vn', '0366363769', 'Học sinh', NOW(), NULL),
(59, 'hs20004', '$2a$10$sE1v3IU6609b6xXcUTJRiOAud42Ws6rORgW3uzuzAZvHgfswTqQvO', 'Phạm Hữu Huy', 'hs20004@school.edu.vn', '0369829521', 'Học sinh', NOW(), NULL),
(60, 'hs20005', '$2a$10$sE1v3IU6609b6xXcUTJRiOAud42Ws6rORgW3uzuzAZvHgfswTqQvO', 'Trần Hữu Khánh', 'hs20005@school.edu.vn', '0348396688', 'Học sinh', NOW(), NULL),
(61, 'hs20006', '$2a$10$sE1v3IU6609b6xXcUTJRiOAud42Ws6rORgW3uzuzAZvHgfswTqQvO', 'Đỗ Mỹ Thảo', 'hs20006@school.edu.vn', '0390489187', 'Học sinh', NOW(), NULL),
(62, 'hs20007', '$2a$10$sE1v3IU6609b6xXcUTJRiOAud42Ws6rORgW3uzuzAZvHgfswTqQvO', 'Huỳnh Mỹ Trang', 'hs20007@school.edu.vn', '0317839678', 'Học sinh', NOW(), NULL),
(63, 'hs20008', '$2a$10$sE1v3IU6609b6xXcUTJRiOAud42Ws6rORgW3uzuzAZvHgfswTqQvO', 'Võ Hữu Minh', 'hs20008@school.edu.vn', '0345214771', 'Học sinh', NOW(), NULL),
(64, 'hs20009', '$2a$10$sE1v3IU6609b6xXcUTJRiOAud42Ws6rORgW3uzuzAZvHgfswTqQvO', 'Huỳnh Hữu Tuấn', 'hs20009@school.edu.vn', '0373630324', 'Học sinh', NOW(), NULL),
(65, 'hs20010', '$2a$10$sE1v3IU6609b6xXcUTJRiOAud42Ws6rORgW3uzuzAZvHgfswTqQvO', 'Đỗ Văn Dũng', 'hs20010@school.edu.vn', '0384765237', 'Học sinh', NOW(), NULL),
(66, 'hs20011', '$2a$10$sE1v3IU6609b6xXcUTJRiOAud42Ws6rORgW3uzuzAZvHgfswTqQvO', 'Huỳnh Hữu Dũng', 'hs20011@school.edu.vn', '0380579298', 'Học sinh', NOW(), NULL),
(67, 'hs20012', '$2a$10$sE1v3IU6609b6xXcUTJRiOAud42Ws6rORgW3uzuzAZvHgfswTqQvO', 'Ngô Văn Anh', 'hs20012@school.edu.vn', '0380159911', 'Học sinh', NOW(), NULL),
(68, 'hs20013', '$2a$10$sE1v3IU6609b6xXcUTJRiOAud42Ws6rORgW3uzuzAZvHgfswTqQvO', 'Lê Mỹ Hương', 'hs20013@school.edu.vn', '0387181170', 'Học sinh', NOW(), NULL),
(69, 'hs20014', '$2a$10$sE1v3IU6609b6xXcUTJRiOAud42Ws6rORgW3uzuzAZvHgfswTqQvO', 'Trần Hữu Hiếu', 'hs20014@school.edu.vn', '0388960627', 'Học sinh', NOW(), NULL),
(70, 'hs20015', '$2a$10$sE1v3IU6609b6xXcUTJRiOAud42Ws6rORgW3uzuzAZvHgfswTqQvO', 'Bùi Hữu Sơn', 'hs20015@school.edu.vn', '0380879647', 'Học sinh', NOW(), NULL),
(71, 'hs20016', '$2a$10$sE1v3IU6609b6xXcUTJRiOAud42Ws6rORgW3uzuzAZvHgfswTqQvO', 'Đỗ Văn Việt', 'hs20016@school.edu.vn', '0317931708', 'Học sinh', NOW(), NULL),
(72, 'hs20017', '$2a$10$sE1v3IU6609b6xXcUTJRiOAud42Ws6rORgW3uzuzAZvHgfswTqQvO', 'Đỗ Hữu Khánh', 'hs20017@school.edu.vn', '0387253340', 'Học sinh', NOW(), NULL),
(73, 'hs20018', '$2a$10$sE1v3IU6609b6xXcUTJRiOAud42Ws6rORgW3uzuzAZvHgfswTqQvO', 'Trần Hữu Phong', 'hs20018@school.edu.vn', '0325532909', 'Học sinh', NOW(), NULL),
(74, 'hs20019', '$2a$10$sE1v3IU6609b6xXcUTJRiOAud42Ws6rORgW3uzuzAZvHgfswTqQvO', 'Hoàng Mỹ Nga', 'hs20019@school.edu.vn', '0396092098', 'Học sinh', NOW(), NULL),
(75, 'hs20020', '$2a$10$sE1v3IU6609b6xXcUTJRiOAud42Ws6rORgW3uzuzAZvHgfswTqQvO', 'Lê Mỹ Linh', 'hs20020@school.edu.vn', '0325816878', 'Học sinh', NOW(), NULL),
(76, 'hs20021', '$2a$10$sE1v3IU6609b6xXcUTJRiOAud42Ws6rORgW3uzuzAZvHgfswTqQvO', 'Nguyễn Văn Long', 'hs20021@school.edu.vn', '0366263386', 'Học sinh', NOW(), NULL),
(77, 'hs20022', '$2a$10$sE1v3IU6609b6xXcUTJRiOAud42Ws6rORgW3uzuzAZvHgfswTqQvO', 'Phạm Hữu Tuấn', 'hs20022@school.edu.vn', '0338771872', 'Học sinh', NOW(), NULL),
(78, 'hs20023', '$2a$10$sE1v3IU6609b6xXcUTJRiOAud42Ws6rORgW3uzuzAZvHgfswTqQvO', 'Dương Thị Chi', 'hs20023@school.edu.vn', '0326696420', 'Học sinh', NOW(), NULL),
(79, 'hs20024', '$2a$10$sE1v3IU6609b6xXcUTJRiOAud42Ws6rORgW3uzuzAZvHgfswTqQvO', 'Đặng Thị Mai', 'hs20024@school.edu.vn', '0336603702', 'Học sinh', NOW(), NULL),
(80, 'hs20025', '$2a$10$sE1v3IU6609b6xXcUTJRiOAud42Ws6rORgW3uzuzAZvHgfswTqQvO', 'Bùi Mỹ An', 'hs20025@school.edu.vn', '0340151494', 'Học sinh', NOW(), NULL),
(81, 'hs20026', '$2a$10$sE1v3IU6609b6xXcUTJRiOAud42Ws6rORgW3uzuzAZvHgfswTqQvO', 'Đặng Thị Bình', 'hs20026@school.edu.vn', '0330144743', 'Học sinh', NOW(), NULL),
(82, 'hs20027', '$2a$10$sE1v3IU6609b6xXcUTJRiOAud42Ws6rORgW3uzuzAZvHgfswTqQvO', 'Ngô Thị Mai', 'hs20027@school.edu.vn', '0385150861', 'Học sinh', NOW(), NULL),
(83, 'hs20028', '$2a$10$sE1v3IU6609b6xXcUTJRiOAud42Ws6rORgW3uzuzAZvHgfswTqQvO', 'Phan Văn Long', 'hs20028@school.edu.vn', '0347953676', 'Học sinh', NOW(), NULL),
(84, 'hs20029', '$2a$10$sE1v3IU6609b6xXcUTJRiOAud42Ws6rORgW3uzuzAZvHgfswTqQvO', 'Dương Hữu Việt', 'hs20029@school.edu.vn', '0360738946', 'Học sinh', NOW(), NULL),
(85, 'hs20030', '$2a$10$sE1v3IU6609b6xXcUTJRiOAud42Ws6rORgW3uzuzAZvHgfswTqQvO', 'Đỗ Thị Chi', 'hs20030@school.edu.vn', '0398399369', 'Học sinh', NOW(), NULL),
(86, 'hs20031', '$2a$10$sE1v3IU6609b6xXcUTJRiOAud42Ws6rORgW3uzuzAZvHgfswTqQvO', 'Hoàng Thị Chi', 'hs20031@school.edu.vn', '0394729678', 'Học sinh', NOW(), NULL),
(87, 'hs20032', '$2a$10$sE1v3IU6609b6xXcUTJRiOAud42Ws6rORgW3uzuzAZvHgfswTqQvO', 'Đỗ Mỹ Mai', 'hs20032@school.edu.vn', '0327220505', 'Học sinh', NOW(), NULL),
(88, 'hs20033', '$2a$10$sE1v3IU6609b6xXcUTJRiOAud42Ws6rORgW3uzuzAZvHgfswTqQvO', 'Phan Mỹ An', 'hs20033@school.edu.vn', '0346940423', 'Học sinh', NOW(), NULL),
(89, 'hs20034', '$2a$10$sE1v3IU6609b6xXcUTJRiOAud42Ws6rORgW3uzuzAZvHgfswTqQvO', 'Đỗ Thị Ngọc', 'hs20034@school.edu.vn', '0312492818', 'Học sinh', NOW(), NULL),
(90, 'hs20035', '$2a$10$sE1v3IU6609b6xXcUTJRiOAud42Ws6rORgW3uzuzAZvHgfswTqQvO', 'Ngô Văn Anh', 'hs20035@school.edu.vn', '0352871318', 'Học sinh', NOW(), NULL),
(91, 'hs20036', '$2a$10$sE1v3IU6609b6xXcUTJRiOAud42Ws6rORgW3uzuzAZvHgfswTqQvO', 'Hoàng Thị Hà', 'hs20036@school.edu.vn', '0369409080', 'Học sinh', NOW(), NULL),
(92, 'hs20037', '$2a$10$sE1v3IU6609b6xXcUTJRiOAud42Ws6rORgW3uzuzAZvHgfswTqQvO', 'Đặng Hữu Cường', 'hs20037@school.edu.vn', '0363821549', 'Học sinh', NOW(), NULL),
(93, 'hs20038', '$2a$10$sE1v3IU6609b6xXcUTJRiOAud42Ws6rORgW3uzuzAZvHgfswTqQvO', 'Võ Hữu Phong', 'hs20038@school.edu.vn', '0374484764', 'Học sinh', NOW(), NULL),
(94, 'hs20039', '$2a$10$sE1v3IU6609b6xXcUTJRiOAud42Ws6rORgW3uzuzAZvHgfswTqQvO', 'Trần Mỹ An', 'hs20039@school.edu.vn', '0371865563', 'Học sinh', NOW(), NULL),
(95, 'hs20040', '$2a$10$sE1v3IU6609b6xXcUTJRiOAud42Ws6rORgW3uzuzAZvHgfswTqQvO', 'Phan Hữu Nam', 'hs20040@school.edu.vn', '0364841018', 'Học sinh', NOW(), NULL),
(96, 'hs20041', '$2a$10$sE1v3IU6609b6xXcUTJRiOAud42Ws6rORgW3uzuzAZvHgfswTqQvO', 'Ngô Hữu Việt', 'hs20041@school.edu.vn', '0349617202', 'Học sinh', NOW(), NULL),
(97, 'hs20042', '$2a$10$sE1v3IU6609b6xXcUTJRiOAud42Ws6rORgW3uzuzAZvHgfswTqQvO', 'Ngô Hữu Dũng', 'hs20042@school.edu.vn', '0386158393', 'Học sinh', NOW(), NULL),
(98, 'hs20043', '$2a$10$sE1v3IU6609b6xXcUTJRiOAud42Ws6rORgW3uzuzAZvHgfswTqQvO', 'Hoàng Văn Quân', 'hs20043@school.edu.vn', '0332659885', 'Học sinh', NOW(), NULL),
(99, 'hs20044', '$2a$10$sE1v3IU6609b6xXcUTJRiOAud42Ws6rORgW3uzuzAZvHgfswTqQvO', 'Trần Thị Trang', 'hs20044@school.edu.vn', '0383244148', 'Học sinh', NOW(), NULL),
(100, 'hs20045', '$2a$10$sE1v3IU6609b6xXcUTJRiOAud42Ws6rORgW3uzuzAZvHgfswTqQvO', 'Bùi Thị Nga', 'hs20045@school.edu.vn', '0361245799', 'Học sinh', NOW(), NULL),
(101, 'hs20046', '$2a$10$sE1v3IU6609b6xXcUTJRiOAud42Ws6rORgW3uzuzAZvHgfswTqQvO', 'Trần Mỹ Chi', 'hs20046@school.edu.vn', '0377256777', 'Học sinh', NOW(), NULL),
(102, 'hs20047', '$2a$10$sE1v3IU6609b6xXcUTJRiOAud42Ws6rORgW3uzuzAZvHgfswTqQvO', 'Võ Thị Hà', 'hs20047@school.edu.vn', '0344325329', 'Học sinh', NOW(), NULL),
(103, 'hs20048', '$2a$10$sE1v3IU6609b6xXcUTJRiOAud42Ws6rORgW3uzuzAZvHgfswTqQvO', 'Dương Hữu Bảo', 'hs20048@school.edu.vn', '0333001448', 'Học sinh', NOW(), NULL),
(104, 'hs20049', '$2a$10$sE1v3IU6609b6xXcUTJRiOAud42Ws6rORgW3uzuzAZvHgfswTqQvO', 'Trần Hữu Việt', 'hs20049@school.edu.vn', '0371314075', 'Học sinh', NOW(), NULL),
(105, 'hs20050', '$2a$10$sE1v3IU6609b6xXcUTJRiOAud42Ws6rORgW3uzuzAZvHgfswTqQvO', 'Hoàng Thị Quỳnh', 'hs20050@school.edu.vn', '0378366678', 'Học sinh', NOW(), NULL),
(106, 'hs20051', '$2a$10$sE1v3IU6609b6xXcUTJRiOAud42Ws6rORgW3uzuzAZvHgfswTqQvO', 'Trần Hữu Phong', 'hs20051@school.edu.vn', '0379234904', 'Học sinh', NOW(), NULL),
(107, 'hs20052', '$2a$10$sE1v3IU6609b6xXcUTJRiOAud42Ws6rORgW3uzuzAZvHgfswTqQvO', 'Trần Hữu Cường', 'hs20052@school.edu.vn', '0361982571', 'Học sinh', NOW(), NULL),
(108, 'hs20053', '$2a$10$sE1v3IU6609b6xXcUTJRiOAud42Ws6rORgW3uzuzAZvHgfswTqQvO', 'Bùi Thị Hà', 'hs20053@school.edu.vn', '0393185739', 'Học sinh', NOW(), NULL),
(109, 'hs20054', '$2a$10$sE1v3IU6609b6xXcUTJRiOAud42Ws6rORgW3uzuzAZvHgfswTqQvO', 'Dương Mỹ Dung', 'hs20054@school.edu.vn', '0340954704', 'Học sinh', NOW(), NULL),
(110, 'hs20055', '$2a$10$sE1v3IU6609b6xXcUTJRiOAud42Ws6rORgW3uzuzAZvHgfswTqQvO', 'Ngô Mỹ Ngọc', 'hs20055@school.edu.vn', '0317148346', 'Học sinh', NOW(), NULL),
(111, 'hs20056', '$2a$10$sE1v3IU6609b6xXcUTJRiOAud42Ws6rORgW3uzuzAZvHgfswTqQvO', 'Ngô Hữu Thắng', 'hs20056@school.edu.vn', '0334321472', 'Học sinh', NOW(), NULL),
(112, 'hs20057', '$2a$10$sE1v3IU6609b6xXcUTJRiOAud42Ws6rORgW3uzuzAZvHgfswTqQvO', 'Nguyễn Mỹ Hương', 'hs20057@school.edu.vn', '0391406709', 'Học sinh', NOW(), NULL),
(113, 'hs20058', '$2a$10$sE1v3IU6609b6xXcUTJRiOAud42Ws6rORgW3uzuzAZvHgfswTqQvO', 'Lê Hữu Quân', 'hs20058@school.edu.vn', '0341390375', 'Học sinh', NOW(), NULL),
(114, 'hs20059', '$2a$10$sE1v3IU6609b6xXcUTJRiOAud42Ws6rORgW3uzuzAZvHgfswTqQvO', 'Hoàng Mỹ An', 'hs20059@school.edu.vn', '0370071859', 'Học sinh', NOW(), NULL),
(115, 'hs20060', '$2a$10$sE1v3IU6609b6xXcUTJRiOAud42Ws6rORgW3uzuzAZvHgfswTqQvO', 'Huỳnh Văn Thắng', 'hs20060@school.edu.vn', '0313346254', 'Học sinh', NOW(), NULL),
(116, 'hs20061', '$2a$10$sE1v3IU6609b6xXcUTJRiOAud42Ws6rORgW3uzuzAZvHgfswTqQvO', 'Huỳnh Văn Nam', 'hs20061@school.edu.vn', '0315827110', 'Học sinh', NOW(), NULL),
(117, 'hs20062', '$2a$10$sE1v3IU6609b6xXcUTJRiOAud42Ws6rORgW3uzuzAZvHgfswTqQvO', 'Nguyễn Mỹ Chi', 'hs20062@school.edu.vn', '0316838859', 'Học sinh', NOW(), NULL),
(118, 'hs20063', '$2a$10$sE1v3IU6609b6xXcUTJRiOAud42Ws6rORgW3uzuzAZvHgfswTqQvO', 'Trần Hữu Bảo', 'hs20063@school.edu.vn', '0389761523', 'Học sinh', NOW(), NULL),
(119, 'hs20064', '$2a$10$sE1v3IU6609b6xXcUTJRiOAud42Ws6rORgW3uzuzAZvHgfswTqQvO', 'Phan Văn Sơn', 'hs20064@school.edu.vn', '0340155007', 'Học sinh', NOW(), NULL),
(120, 'hs20065', '$2a$10$sE1v3IU6609b6xXcUTJRiOAud42Ws6rORgW3uzuzAZvHgfswTqQvO', 'Đỗ Thị Phương', 'hs20065@school.edu.vn', '0343675398', 'Học sinh', NOW(), NULL),
(121, 'hs20066', '$2a$10$sE1v3IU6609b6xXcUTJRiOAud42Ws6rORgW3uzuzAZvHgfswTqQvO', 'Võ Hữu Cường', 'hs20066@school.edu.vn', '0343003233', 'Học sinh', NOW(), NULL),
(122, 'hs20067', '$2a$10$sE1v3IU6609b6xXcUTJRiOAud42Ws6rORgW3uzuzAZvHgfswTqQvO', 'Dương Mỹ Lan', 'hs20067@school.edu.vn', '0380140240', 'Học sinh', NOW(), NULL),
(123, 'hs20068', '$2a$10$sE1v3IU6609b6xXcUTJRiOAud42Ws6rORgW3uzuzAZvHgfswTqQvO', 'Nguyễn Thị Bình', 'hs20068@school.edu.vn', '0368595593', 'Học sinh', NOW(), NULL),
(124, 'hs20069', '$2a$10$sE1v3IU6609b6xXcUTJRiOAud42Ws6rORgW3uzuzAZvHgfswTqQvO', 'Nguyễn Văn Thắng', 'hs20069@school.edu.vn', '0374713142', 'Học sinh', NOW(), NULL),
(125, 'hs20070', '$2a$10$sE1v3IU6609b6xXcUTJRiOAud42Ws6rORgW3uzuzAZvHgfswTqQvO', 'Hồ Văn Quân', 'hs20070@school.edu.vn', '0375278292', 'Học sinh', NOW(), NULL),
(126, 'hs20071', '$2a$10$sE1v3IU6609b6xXcUTJRiOAud42Ws6rORgW3uzuzAZvHgfswTqQvO', 'Nguyễn Mỹ Lan', 'hs20071@school.edu.vn', '0318993503', 'Học sinh', NOW(), NULL),
(127, 'hs20072', '$2a$10$sE1v3IU6609b6xXcUTJRiOAud42Ws6rORgW3uzuzAZvHgfswTqQvO', 'Hồ Hữu Anh', 'hs20072@school.edu.vn', '0371659595', 'Học sinh', NOW(), NULL),
(128, 'hs20073', '$2a$10$sE1v3IU6609b6xXcUTJRiOAud42Ws6rORgW3uzuzAZvHgfswTqQvO', 'Hồ Văn Dũng', 'hs20073@school.edu.vn', '0357227730', 'Học sinh', NOW(), NULL),
(129, 'hs20074', '$2a$10$sE1v3IU6609b6xXcUTJRiOAud42Ws6rORgW3uzuzAZvHgfswTqQvO', 'Lê Thị Dung', 'hs20074@school.edu.vn', '0373012051', 'Học sinh', NOW(), NULL),
(130, 'hs20075', '$2a$10$sE1v3IU6609b6xXcUTJRiOAud42Ws6rORgW3uzuzAZvHgfswTqQvO', 'Ngô Văn Khánh', 'hs20075@school.edu.vn', '0334739679', 'Học sinh', NOW(), NULL),
(131, 'hs20076', '$2a$10$sE1v3IU6609b6xXcUTJRiOAud42Ws6rORgW3uzuzAZvHgfswTqQvO', 'Phạm Thị An', 'hs20076@school.edu.vn', '0374240191', 'Học sinh', NOW(), NULL),
(132, 'hs20077', '$2a$10$sE1v3IU6609b6xXcUTJRiOAud42Ws6rORgW3uzuzAZvHgfswTqQvO', 'Ngô Mỹ Linh', 'hs20077@school.edu.vn', '0354822454', 'Học sinh', NOW(), NULL),
(133, 'hs20078', '$2a$10$sE1v3IU6609b6xXcUTJRiOAud42Ws6rORgW3uzuzAZvHgfswTqQvO', 'Trần Hữu Nam', 'hs20078@school.edu.vn', '0357222861', 'Học sinh', NOW(), NULL),
(134, 'hs20079', '$2a$10$sE1v3IU6609b6xXcUTJRiOAud42Ws6rORgW3uzuzAZvHgfswTqQvO', 'Đặng Mỹ Chi', 'hs20079@school.edu.vn', '0355350404', 'Học sinh', NOW(), NULL),
(135, 'hs20080', '$2a$10$sE1v3IU6609b6xXcUTJRiOAud42Ws6rORgW3uzuzAZvHgfswTqQvO', 'Dương Mỹ Giang', 'hs20080@school.edu.vn', '0321579781', 'Học sinh', NOW(), NULL),
(136, 'hs20081', '$2a$10$sE1v3IU6609b6xXcUTJRiOAud42Ws6rORgW3uzuzAZvHgfswTqQvO', 'Đặng Hữu Bảo', 'hs20081@school.edu.vn', '0395673875', 'Học sinh', NOW(), NULL),
(137, 'hs20082', '$2a$10$sE1v3IU6609b6xXcUTJRiOAud42Ws6rORgW3uzuzAZvHgfswTqQvO', 'Hoàng Mỹ Phương', 'hs20082@school.edu.vn', '0381481280', 'Học sinh', NOW(), NULL),
(138, 'hs20083', '$2a$10$sE1v3IU6609b6xXcUTJRiOAud42Ws6rORgW3uzuzAZvHgfswTqQvO', 'Hồ Hữu Minh', 'hs20083@school.edu.vn', '0386730064', 'Học sinh', NOW(), NULL),
(139, 'hs20084', '$2a$10$sE1v3IU6609b6xXcUTJRiOAud42Ws6rORgW3uzuzAZvHgfswTqQvO', 'Hồ Mỹ Phương', 'hs20084@school.edu.vn', '0365289026', 'Học sinh', NOW(), NULL),
(140, 'hs20085', '$2a$10$sE1v3IU6609b6xXcUTJRiOAud42Ws6rORgW3uzuzAZvHgfswTqQvO', 'Phan Hữu Long', 'hs20085@school.edu.vn', '0329305480', 'Học sinh', NOW(), NULL),
(141, 'hs20086', '$2a$10$sE1v3IU6609b6xXcUTJRiOAud42Ws6rORgW3uzuzAZvHgfswTqQvO', 'Trần Văn Minh', 'hs20086@school.edu.vn', '0376136933', 'Học sinh', NOW(), NULL),
(142, 'hs20087', '$2a$10$sE1v3IU6609b6xXcUTJRiOAud42Ws6rORgW3uzuzAZvHgfswTqQvO', 'Trần Mỹ Giang', 'hs20087@school.edu.vn', '0315516844', 'Học sinh', NOW(), NULL),
(143, 'hs20088', '$2a$10$sE1v3IU6609b6xXcUTJRiOAud42Ws6rORgW3uzuzAZvHgfswTqQvO', 'Hồ Văn Tuấn', 'hs20088@school.edu.vn', '0387649481', 'Học sinh', NOW(), NULL),
(144, 'hs20089', '$2a$10$sE1v3IU6609b6xXcUTJRiOAud42Ws6rORgW3uzuzAZvHgfswTqQvO', 'Phan Thị Thảo', 'hs20089@school.edu.vn', '0353687595', 'Học sinh', NOW(), NULL),
(145, 'hs20090', '$2a$10$sE1v3IU6609b6xXcUTJRiOAud42Ws6rORgW3uzuzAZvHgfswTqQvO', 'Bùi Mỹ Bình', 'hs20090@school.edu.vn', '0337742492', 'Học sinh', NOW(), NULL),
(146, 'hs20091', '$2a$10$sE1v3IU6609b6xXcUTJRiOAud42Ws6rORgW3uzuzAZvHgfswTqQvO', 'Bùi Văn Tuấn', 'hs20091@school.edu.vn', '0368089355', 'Học sinh', NOW(), NULL),
(147, 'hs20092', '$2a$10$sE1v3IU6609b6xXcUTJRiOAud42Ws6rORgW3uzuzAZvHgfswTqQvO', 'Dương Hữu Phong', 'hs20092@school.edu.vn', '0333930741', 'Học sinh', NOW(), NULL),
(148, 'hs20093', '$2a$10$sE1v3IU6609b6xXcUTJRiOAud42Ws6rORgW3uzuzAZvHgfswTqQvO', 'Ngô Văn Khánh', 'hs20093@school.edu.vn', '0392454662', 'Học sinh', NOW(), NULL),
(149, 'hs20094', '$2a$10$sE1v3IU6609b6xXcUTJRiOAud42Ws6rORgW3uzuzAZvHgfswTqQvO', 'Phan Hữu Hiếu', 'hs20094@school.edu.vn', '0322311778', 'Học sinh', NOW(), NULL),
(150, 'hs20095', '$2a$10$sE1v3IU6609b6xXcUTJRiOAud42Ws6rORgW3uzuzAZvHgfswTqQvO', 'Nguyễn Văn Quân', 'hs20095@school.edu.vn', '0358689989', 'Học sinh', NOW(), NULL),
(151, 'hs20096', '$2a$10$sE1v3IU6609b6xXcUTJRiOAud42Ws6rORgW3uzuzAZvHgfswTqQvO', 'Huỳnh Văn Nam', 'hs20096@school.edu.vn', '0373745558', 'Học sinh', NOW(), NULL),
(152, 'hs20097', '$2a$10$sE1v3IU6609b6xXcUTJRiOAud42Ws6rORgW3uzuzAZvHgfswTqQvO', 'Ngô Thị Mai', 'hs20097@school.edu.vn', '0387680878', 'Học sinh', NOW(), NULL),
(153, 'hs20098', '$2a$10$sE1v3IU6609b6xXcUTJRiOAud42Ws6rORgW3uzuzAZvHgfswTqQvO', 'Đặng Mỹ Quỳnh', 'hs20098@school.edu.vn', '0388140520', 'Học sinh', NOW(), NULL),
(154, 'hs20099', '$2a$10$sE1v3IU6609b6xXcUTJRiOAud42Ws6rORgW3uzuzAZvHgfswTqQvO', 'Hồ Thị Quỳnh', 'hs20099@school.edu.vn', '0328712256', 'Học sinh', NOW(), NULL),
(155, 'hs20100', '$2a$10$sE1v3IU6609b6xXcUTJRiOAud42Ws6rORgW3uzuzAZvHgfswTqQvO', 'Bùi Thị Lan', 'hs20100@school.edu.vn', '0325280670', 'Học sinh', NOW(), NULL),
(156, 'hs20101', '$2a$10$sE1v3IU6609b6xXcUTJRiOAud42Ws6rORgW3uzuzAZvHgfswTqQvO', 'Ngô Văn Việt', 'hs20101@school.edu.vn', '0383233062', 'Học sinh', NOW(), NULL),
(157, 'hs20102', '$2a$10$sE1v3IU6609b6xXcUTJRiOAud42Ws6rORgW3uzuzAZvHgfswTqQvO', 'Hoàng Hữu Thắng', 'hs20102@school.edu.vn', '0375476783', 'Học sinh', NOW(), NULL),
(158, 'hs20103', '$2a$10$sE1v3IU6609b6xXcUTJRiOAud42Ws6rORgW3uzuzAZvHgfswTqQvO', 'Dương Văn Minh', 'hs20103@school.edu.vn', '0328747455', 'Học sinh', NOW(), NULL),
(159, 'hs20104', '$2a$10$sE1v3IU6609b6xXcUTJRiOAud42Ws6rORgW3uzuzAZvHgfswTqQvO', 'Dương Hữu Dũng', 'hs20104@school.edu.vn', '0356186818', 'Học sinh', NOW(), NULL),
(160, 'hs20105', '$2a$10$sE1v3IU6609b6xXcUTJRiOAud42Ws6rORgW3uzuzAZvHgfswTqQvO', 'Phạm Văn Hiếu', 'hs20105@school.edu.vn', '0346326383', 'Học sinh', NOW(), NULL),
(161, 'hs20106', '$2a$10$sE1v3IU6609b6xXcUTJRiOAud42Ws6rORgW3uzuzAZvHgfswTqQvO', 'Võ Mỹ Bình', 'hs20106@school.edu.vn', '0369862253', 'Học sinh', NOW(), NULL),
(162, 'hs20107', '$2a$10$sE1v3IU6609b6xXcUTJRiOAud42Ws6rORgW3uzuzAZvHgfswTqQvO', 'Hồ Thị Phương', 'hs20107@school.edu.vn', '0393696151', 'Học sinh', NOW(), NULL),
(163, 'hs20108', '$2a$10$sE1v3IU6609b6xXcUTJRiOAud42Ws6rORgW3uzuzAZvHgfswTqQvO', 'Huỳnh Văn Thắng', 'hs20108@school.edu.vn', '0348070857', 'Học sinh', NOW(), NULL),
(164, 'hs20109', '$2a$10$sE1v3IU6609b6xXcUTJRiOAud42Ws6rORgW3uzuzAZvHgfswTqQvO', 'Hoàng Mỹ Mai', 'hs20109@school.edu.vn', '0395940287', 'Học sinh', NOW(), NULL),
(165, 'hs20110', '$2a$10$sE1v3IU6609b6xXcUTJRiOAud42Ws6rORgW3uzuzAZvHgfswTqQvO', 'Ngô Văn Sơn', 'hs20110@school.edu.vn', '0336645630', 'Học sinh', NOW(), NULL),
(166, 'hs20111', '$2a$10$sE1v3IU6609b6xXcUTJRiOAud42Ws6rORgW3uzuzAZvHgfswTqQvO', 'Lê Văn Bảo', 'hs20111@school.edu.vn', '0381221755', 'Học sinh', NOW(), NULL),
(167, 'hs20112', '$2a$10$sE1v3IU6609b6xXcUTJRiOAud42Ws6rORgW3uzuzAZvHgfswTqQvO', 'Bùi Hữu Quân', 'hs20112@school.edu.vn', '0364643311', 'Học sinh', NOW(), NULL),
(168, 'hs20113', '$2a$10$sE1v3IU6609b6xXcUTJRiOAud42Ws6rORgW3uzuzAZvHgfswTqQvO', 'Lê Hữu Phong', 'hs20113@school.edu.vn', '0333093418', 'Học sinh', NOW(), NULL),
(169, 'hs20114', '$2a$10$sE1v3IU6609b6xXcUTJRiOAud42Ws6rORgW3uzuzAZvHgfswTqQvO', 'Bùi Hữu Hiếu', 'hs20114@school.edu.vn', '0316899337', 'Học sinh', NOW(), NULL),
(170, 'hs20115', '$2a$10$sE1v3IU6609b6xXcUTJRiOAud42Ws6rORgW3uzuzAZvHgfswTqQvO', 'Phan Hữu Huy', 'hs20115@school.edu.vn', '0354275760', 'Học sinh', NOW(), NULL),
(171, 'hs20116', '$2a$10$sE1v3IU6609b6xXcUTJRiOAud42Ws6rORgW3uzuzAZvHgfswTqQvO', 'Phạm Thị Bình', 'hs20116@school.edu.vn', '0361047164', 'Học sinh', NOW(), NULL),
(172, 'hs20117', '$2a$10$sE1v3IU6609b6xXcUTJRiOAud42Ws6rORgW3uzuzAZvHgfswTqQvO', 'Phạm Hữu Anh', 'hs20117@school.edu.vn', '0384239224', 'Học sinh', NOW(), NULL),
(173, 'hs20118', '$2a$10$sE1v3IU6609b6xXcUTJRiOAud42Ws6rORgW3uzuzAZvHgfswTqQvO', 'Đặng Hữu Tuấn', 'hs20118@school.edu.vn', '0395843926', 'Học sinh', NOW(), NULL),
(174, 'hs20119', '$2a$10$sE1v3IU6609b6xXcUTJRiOAud42Ws6rORgW3uzuzAZvHgfswTqQvO', 'Hoàng Hữu Bảo', 'hs20119@school.edu.vn', '0382567129', 'Học sinh', NOW(), NULL),
(175, 'hs20120', '$2a$10$sE1v3IU6609b6xXcUTJRiOAud42Ws6rORgW3uzuzAZvHgfswTqQvO', 'Dương Hữu Cường', 'hs20120@school.edu.vn', '0310974443', 'Học sinh', NOW(), NULL),
(176, 'hs20121', '$2a$10$sE1v3IU6609b6xXcUTJRiOAud42Ws6rORgW3uzuzAZvHgfswTqQvO', 'Huỳnh Thị Mai', 'hs20121@school.edu.vn', '0371068213', 'Học sinh', NOW(), NULL),
(177, 'hs20122', '$2a$10$sE1v3IU6609b6xXcUTJRiOAud42Ws6rORgW3uzuzAZvHgfswTqQvO', 'Dương Văn Bảo', 'hs20122@school.edu.vn', '0363857032', 'Học sinh', NOW(), NULL),
(178, 'hs20123', '$2a$10$sE1v3IU6609b6xXcUTJRiOAud42Ws6rORgW3uzuzAZvHgfswTqQvO', 'Phạm Thị Nga', 'hs20123@school.edu.vn', '0398334150', 'Học sinh', NOW(), NULL),
(179, 'hs20124', '$2a$10$sE1v3IU6609b6xXcUTJRiOAud42Ws6rORgW3uzuzAZvHgfswTqQvO', 'Trần Hữu Thắng', 'hs20124@school.edu.vn', '0345733640', 'Học sinh', NOW(), NULL),
(180, 'hs20125', '$2a$10$sE1v3IU6609b6xXcUTJRiOAud42Ws6rORgW3uzuzAZvHgfswTqQvO', 'Hoàng Thị Quỳnh', 'hs20125@school.edu.vn', '0361159952', 'Học sinh', NOW(), NULL),
(181, 'hs20126', '$2a$10$sE1v3IU6609b6xXcUTJRiOAud42Ws6rORgW3uzuzAZvHgfswTqQvO', 'Trần Thị Lan', 'hs20126@school.edu.vn', '0358952201', 'Học sinh', NOW(), NULL),
(182, 'hs20127', '$2a$10$sE1v3IU6609b6xXcUTJRiOAud42Ws6rORgW3uzuzAZvHgfswTqQvO', 'Võ Văn Tuấn', 'hs20127@school.edu.vn', '0391084776', 'Học sinh', NOW(), NULL),
(183, 'hs20128', '$2a$10$sE1v3IU6609b6xXcUTJRiOAud42Ws6rORgW3uzuzAZvHgfswTqQvO', 'Lê Thị Chi', 'hs20128@school.edu.vn', '0335393742', 'Học sinh', NOW(), NULL),
(184, 'hs20129', '$2a$10$sE1v3IU6609b6xXcUTJRiOAud42Ws6rORgW3uzuzAZvHgfswTqQvO', 'Dương Thị Dung', 'hs20129@school.edu.vn', '0361349523', 'Học sinh', NOW(), NULL),
(185, 'hs20130', '$2a$10$sE1v3IU6609b6xXcUTJRiOAud42Ws6rORgW3uzuzAZvHgfswTqQvO', 'Trần Thị Mai', 'hs20130@school.edu.vn', '0321226832', 'Học sinh', NOW(), NULL),
(186, 'hs20131', '$2a$10$sE1v3IU6609b6xXcUTJRiOAud42Ws6rORgW3uzuzAZvHgfswTqQvO', 'Huỳnh Văn Hiếu', 'hs20131@school.edu.vn', '0327468870', 'Học sinh', NOW(), NULL),
(187, 'hs20132', '$2a$10$sE1v3IU6609b6xXcUTJRiOAud42Ws6rORgW3uzuzAZvHgfswTqQvO', 'Võ Thị Bình', 'hs20132@school.edu.vn', '0378537344', 'Học sinh', NOW(), NULL),
(188, 'hs20133', '$2a$10$sE1v3IU6609b6xXcUTJRiOAud42Ws6rORgW3uzuzAZvHgfswTqQvO', 'Dương Mỹ Hương', 'hs20133@school.edu.vn', '0344276625', 'Học sinh', NOW(), NULL),
(189, 'hs20134', '$2a$10$sE1v3IU6609b6xXcUTJRiOAud42Ws6rORgW3uzuzAZvHgfswTqQvO', 'Dương Hữu Bảo', 'hs20134@school.edu.vn', '0325709285', 'Học sinh', NOW(), NULL),
(190, 'hs20135', '$2a$10$sE1v3IU6609b6xXcUTJRiOAud42Ws6rORgW3uzuzAZvHgfswTqQvO', 'Nguyễn Mỹ An', 'hs20135@school.edu.vn', '0316308286', 'Học sinh', NOW(), NULL),
(191, 'hs20136', '$2a$10$sE1v3IU6609b6xXcUTJRiOAud42Ws6rORgW3uzuzAZvHgfswTqQvO', 'Võ Mỹ Linh', 'hs20136@school.edu.vn', '0386857830', 'Học sinh', NOW(), NULL),
(192, 'hs20137', '$2a$10$sE1v3IU6609b6xXcUTJRiOAud42Ws6rORgW3uzuzAZvHgfswTqQvO', 'Đỗ Thị Bình', 'hs20137@school.edu.vn', '0319349371', 'Học sinh', NOW(), NULL),
(193, 'hs20138', '$2a$10$sE1v3IU6609b6xXcUTJRiOAud42Ws6rORgW3uzuzAZvHgfswTqQvO', 'Phạm Văn Phong', 'hs20138@school.edu.vn', '0312579010', 'Học sinh', NOW(), NULL),
(194, 'hs20139', '$2a$10$sE1v3IU6609b6xXcUTJRiOAud42Ws6rORgW3uzuzAZvHgfswTqQvO', 'Lê Mỹ Trang', 'hs20139@school.edu.vn', '0351622826', 'Học sinh', NOW(), NULL),
(195, 'hs20140', '$2a$10$sE1v3IU6609b6xXcUTJRiOAud42Ws6rORgW3uzuzAZvHgfswTqQvO', 'Đặng Văn Nam', 'hs20140@school.edu.vn', '0353066301', 'Học sinh', NOW(), NULL),
(196, 'hs20141', '$2a$10$sE1v3IU6609b6xXcUTJRiOAud42Ws6rORgW3uzuzAZvHgfswTqQvO', 'Phan Văn Huy', 'hs20141@school.edu.vn', '0362751980', 'Học sinh', NOW(), NULL),
(197, 'hs20142', '$2a$10$sE1v3IU6609b6xXcUTJRiOAud42Ws6rORgW3uzuzAZvHgfswTqQvO', 'Huỳnh Thị Chi', 'hs20142@school.edu.vn', '0310412618', 'Học sinh', NOW(), NULL),
(198, 'hs20143', '$2a$10$sE1v3IU6609b6xXcUTJRiOAud42Ws6rORgW3uzuzAZvHgfswTqQvO', 'Dương Văn Sơn', 'hs20143@school.edu.vn', '0363384991', 'Học sinh', NOW(), NULL),
(199, 'hs20144', '$2a$10$sE1v3IU6609b6xXcUTJRiOAud42Ws6rORgW3uzuzAZvHgfswTqQvO', 'Dương Mỹ Trang', 'hs20144@school.edu.vn', '0337466745', 'Học sinh', NOW(), NULL),
(200, 'hs20145', '$2a$10$sE1v3IU6609b6xXcUTJRiOAud42Ws6rORgW3uzuzAZvHgfswTqQvO', 'Hoàng Thị Ngọc', 'hs20145@school.edu.vn', '0343068017', 'Học sinh', NOW(), NULL),
(201, 'hs20146', '$2a$10$sE1v3IU6609b6xXcUTJRiOAud42Ws6rORgW3uzuzAZvHgfswTqQvO', 'Võ Thị Hà', 'hs20146@school.edu.vn', '0343088428', 'Học sinh', NOW(), NULL),
(202, 'hs20147', '$2a$10$sE1v3IU6609b6xXcUTJRiOAud42Ws6rORgW3uzuzAZvHgfswTqQvO', 'Hồ Văn Long', 'hs20147@school.edu.vn', '0315090061', 'Học sinh', NOW(), NULL),
(203, 'hs20148', '$2a$10$sE1v3IU6609b6xXcUTJRiOAud42Ws6rORgW3uzuzAZvHgfswTqQvO', 'Huỳnh Hữu Tuấn', 'hs20148@school.edu.vn', '0386785702', 'Học sinh', NOW(), NULL),
(204, 'hs20149', '$2a$10$sE1v3IU6609b6xXcUTJRiOAud42Ws6rORgW3uzuzAZvHgfswTqQvO', 'Bùi Hữu Long', 'hs20149@school.edu.vn', '0355994249', 'Học sinh', NOW(), NULL),
(205, 'hs20150', '$2a$10$sE1v3IU6609b6xXcUTJRiOAud42Ws6rORgW3uzuzAZvHgfswTqQvO', 'Ngô Thị Chi', 'hs20150@school.edu.vn', '0345749633', 'Học sinh', NOW(), NULL),
(206, 'hs20151', '$2a$10$sE1v3IU6609b6xXcUTJRiOAud42Ws6rORgW3uzuzAZvHgfswTqQvO', 'Dương Văn Tuấn', 'hs20151@school.edu.vn', '0360905579', 'Học sinh', NOW(), NULL),
(207, 'hs20152', '$2a$10$sE1v3IU6609b6xXcUTJRiOAud42Ws6rORgW3uzuzAZvHgfswTqQvO', 'Lê Hữu Dũng', 'hs20152@school.edu.vn', '0392845361', 'Học sinh', NOW(), NULL),
(208, 'hs20153', '$2a$10$sE1v3IU6609b6xXcUTJRiOAud42Ws6rORgW3uzuzAZvHgfswTqQvO', 'Ngô Mỹ Trang', 'hs20153@school.edu.vn', '0336918084', 'Học sinh', NOW(), NULL),
(209, 'hs20154', '$2a$10$sE1v3IU6609b6xXcUTJRiOAud42Ws6rORgW3uzuzAZvHgfswTqQvO', 'Nguyễn Mỹ Trang', 'hs20154@school.edu.vn', '0339265749', 'Học sinh', NOW(), NULL),
(210, 'hs20155', '$2a$10$sE1v3IU6609b6xXcUTJRiOAud42Ws6rORgW3uzuzAZvHgfswTqQvO', 'Ngô Văn Minh', 'hs20155@school.edu.vn', '0319666957', 'Học sinh', NOW(), NULL),
(211, 'hs20156', '$2a$10$sE1v3IU6609b6xXcUTJRiOAud42Ws6rORgW3uzuzAZvHgfswTqQvO', 'Nguyễn Văn Quân', 'hs20156@school.edu.vn', '0389959046', 'Học sinh', NOW(), NULL),
(212, 'hs20157', '$2a$10$sE1v3IU6609b6xXcUTJRiOAud42Ws6rORgW3uzuzAZvHgfswTqQvO', 'Võ Thị Trang', 'hs20157@school.edu.vn', '0343535738', 'Học sinh', NOW(), NULL),
(213, 'hs20158', '$2a$10$sE1v3IU6609b6xXcUTJRiOAud42Ws6rORgW3uzuzAZvHgfswTqQvO', 'Phạm Văn Thắng', 'hs20158@school.edu.vn', '0325621323', 'Học sinh', NOW(), NULL),
(214, 'hs20159', '$2a$10$sE1v3IU6609b6xXcUTJRiOAud42Ws6rORgW3uzuzAZvHgfswTqQvO', 'Võ Văn Phong', 'hs20159@school.edu.vn', '0335536712', 'Học sinh', NOW(), NULL),
(215, 'hs20160', '$2a$10$sE1v3IU6609b6xXcUTJRiOAud42Ws6rORgW3uzuzAZvHgfswTqQvO', 'Bùi Mỹ Trang', 'hs20160@school.edu.vn', '0331374852', 'Học sinh', NOW(), NULL),
(216, 'hs20161', '$2a$10$sE1v3IU6609b6xXcUTJRiOAud42Ws6rORgW3uzuzAZvHgfswTqQvO', 'Bùi Hữu Nam', 'hs20161@school.edu.vn', '0323353037', 'Học sinh', NOW(), NULL),
(217, 'hs20162', '$2a$10$sE1v3IU6609b6xXcUTJRiOAud42Ws6rORgW3uzuzAZvHgfswTqQvO', 'Ngô Mỹ An', 'hs20162@school.edu.vn', '0386122939', 'Học sinh', NOW(), NULL),
(218, 'hs20163', '$2a$10$sE1v3IU6609b6xXcUTJRiOAud42Ws6rORgW3uzuzAZvHgfswTqQvO', 'Nguyễn Mỹ Phương', 'hs20163@school.edu.vn', '0361114360', 'Học sinh', NOW(), NULL),
(219, 'hs20164', '$2a$10$sE1v3IU6609b6xXcUTJRiOAud42Ws6rORgW3uzuzAZvHgfswTqQvO', 'Phạm Mỹ Hà', 'hs20164@school.edu.vn', '0382482312', 'Học sinh', NOW(), NULL),
(220, 'hs20165', '$2a$10$sE1v3IU6609b6xXcUTJRiOAud42Ws6rORgW3uzuzAZvHgfswTqQvO', 'Đỗ Mỹ Thảo', 'hs20165@school.edu.vn', '0333546857', 'Học sinh', NOW(), NULL),
(221, 'hs20166', '$2a$10$sE1v3IU6609b6xXcUTJRiOAud42Ws6rORgW3uzuzAZvHgfswTqQvO', 'Hoàng Văn Cường', 'hs20166@school.edu.vn', '0387957991', 'Học sinh', NOW(), NULL),
(222, 'hs20167', '$2a$10$sE1v3IU6609b6xXcUTJRiOAud42Ws6rORgW3uzuzAZvHgfswTqQvO', 'Bùi Văn Việt', 'hs20167@school.edu.vn', '0390148149', 'Học sinh', NOW(), NULL),
(223, 'hs20168', '$2a$10$sE1v3IU6609b6xXcUTJRiOAud42Ws6rORgW3uzuzAZvHgfswTqQvO', 'Đặng Mỹ Chi', 'hs20168@school.edu.vn', '0360138972', 'Học sinh', NOW(), NULL),
(224, 'hs20169', '$2a$10$sE1v3IU6609b6xXcUTJRiOAud42Ws6rORgW3uzuzAZvHgfswTqQvO', 'Võ Mỹ Hà', 'hs20169@school.edu.vn', '0395348053', 'Học sinh', NOW(), NULL),
(225, 'hs20170', '$2a$10$sE1v3IU6609b6xXcUTJRiOAud42Ws6rORgW3uzuzAZvHgfswTqQvO', 'Bùi Văn Dũng', 'hs20170@school.edu.vn', '0365381644', 'Học sinh', NOW(), NULL),
(226, 'hs20171', '$2a$10$sE1v3IU6609b6xXcUTJRiOAud42Ws6rORgW3uzuzAZvHgfswTqQvO', 'Hồ Mỹ An', 'hs20171@school.edu.vn', '0396745745', 'Học sinh', NOW(), NULL),
(227, 'hs20172', '$2a$10$sE1v3IU6609b6xXcUTJRiOAud42Ws6rORgW3uzuzAZvHgfswTqQvO', 'Võ Mỹ Trang', 'hs20172@school.edu.vn', '0364005824', 'Học sinh', NOW(), NULL),
(228, 'hs20173', '$2a$10$sE1v3IU6609b6xXcUTJRiOAud42Ws6rORgW3uzuzAZvHgfswTqQvO', 'Ngô Mỹ Thảo', 'hs20173@school.edu.vn', '0365464901', 'Học sinh', NOW(), NULL),
(229, 'hs20174', '$2a$10$sE1v3IU6609b6xXcUTJRiOAud42Ws6rORgW3uzuzAZvHgfswTqQvO', 'Đỗ Văn Nam', 'hs20174@school.edu.vn', '0327558926', 'Học sinh', NOW(), NULL),
(230, 'hs20175', '$2a$10$sE1v3IU6609b6xXcUTJRiOAud42Ws6rORgW3uzuzAZvHgfswTqQvO', 'Huỳnh Mỹ Hương', 'hs20175@school.edu.vn', '0395821949', 'Học sinh', NOW(), NULL),
(231, 'hs20176', '$2a$10$sE1v3IU6609b6xXcUTJRiOAud42Ws6rORgW3uzuzAZvHgfswTqQvO', 'Hồ Hữu Huy', 'hs20176@school.edu.vn', '0320815278', 'Học sinh', NOW(), NULL),
(232, 'hs20177', '$2a$10$sE1v3IU6609b6xXcUTJRiOAud42Ws6rORgW3uzuzAZvHgfswTqQvO', 'Đỗ Hữu Bảo', 'hs20177@school.edu.vn', '0341715958', 'Học sinh', NOW(), NULL),
(233, 'hs20178', '$2a$10$sE1v3IU6609b6xXcUTJRiOAud42Ws6rORgW3uzuzAZvHgfswTqQvO', 'Nguyễn Thị Linh', 'hs20178@school.edu.vn', '0332407212', 'Học sinh', NOW(), NULL),
(234, 'hs20179', '$2a$10$sE1v3IU6609b6xXcUTJRiOAud42Ws6rORgW3uzuzAZvHgfswTqQvO', 'Đỗ Hữu Sơn', 'hs20179@school.edu.vn', '0316632858', 'Học sinh', NOW(), NULL),
(235, 'hs20180', '$2a$10$sE1v3IU6609b6xXcUTJRiOAud42Ws6rORgW3uzuzAZvHgfswTqQvO', 'Ngô Văn Việt', 'hs20180@school.edu.vn', '0397613735', 'Học sinh', NOW(), NULL),
(236, 'hs20181', '$2a$10$sE1v3IU6609b6xXcUTJRiOAud42Ws6rORgW3uzuzAZvHgfswTqQvO', 'Trần Thị Linh', 'hs20181@school.edu.vn', '0314206510', 'Học sinh', NOW(), NULL),
(237, 'hs20182', '$2a$10$sE1v3IU6609b6xXcUTJRiOAud42Ws6rORgW3uzuzAZvHgfswTqQvO', 'Bùi Mỹ Phương', 'hs20182@school.edu.vn', '0331031835', 'Học sinh', NOW(), NULL),
(238, 'hs20183', '$2a$10$sE1v3IU6609b6xXcUTJRiOAud42Ws6rORgW3uzuzAZvHgfswTqQvO', 'Lê Hữu Quân', 'hs20183@school.edu.vn', '0372695334', 'Học sinh', NOW(), NULL),
(239, 'hs20184', '$2a$10$sE1v3IU6609b6xXcUTJRiOAud42Ws6rORgW3uzuzAZvHgfswTqQvO', 'Phan Mỹ Trang', 'hs20184@school.edu.vn', '0393710306', 'Học sinh', NOW(), NULL),
(240, 'hs20185', '$2a$10$sE1v3IU6609b6xXcUTJRiOAud42Ws6rORgW3uzuzAZvHgfswTqQvO', 'Võ Văn Cường', 'hs20185@school.edu.vn', '0329814805', 'Học sinh', NOW(), NULL),
(241, 'hs20186', '$2a$10$sE1v3IU6609b6xXcUTJRiOAud42Ws6rORgW3uzuzAZvHgfswTqQvO', 'Lê Mỹ Giang', 'hs20186@school.edu.vn', '0374002770', 'Học sinh', NOW(), NULL),
(242, 'hs20187', '$2a$10$sE1v3IU6609b6xXcUTJRiOAud42Ws6rORgW3uzuzAZvHgfswTqQvO', 'Huỳnh Thị An', 'hs20187@school.edu.vn', '0384475751', 'Học sinh', NOW(), NULL),
(243, 'hs20188', '$2a$10$sE1v3IU6609b6xXcUTJRiOAud42Ws6rORgW3uzuzAZvHgfswTqQvO', 'Ngô Thị Hà', 'hs20188@school.edu.vn', '0328791120', 'Học sinh', NOW(), NULL),
(244, 'hs20189', '$2a$10$sE1v3IU6609b6xXcUTJRiOAud42Ws6rORgW3uzuzAZvHgfswTqQvO', 'Đỗ Văn Việt', 'hs20189@school.edu.vn', '0366207273', 'Học sinh', NOW(), NULL),
(245, 'hs20190', '$2a$10$sE1v3IU6609b6xXcUTJRiOAud42Ws6rORgW3uzuzAZvHgfswTqQvO', 'Hoàng Hữu Hiếu', 'hs20190@school.edu.vn', '0356365563', 'Học sinh', NOW(), NULL),
(246, 'hs20191', '$2a$10$sE1v3IU6609b6xXcUTJRiOAud42Ws6rORgW3uzuzAZvHgfswTqQvO', 'Nguyễn Thị Thảo', 'hs20191@school.edu.vn', '0345550867', 'Học sinh', NOW(), NULL),
(247, 'hs20192', '$2a$10$sE1v3IU6609b6xXcUTJRiOAud42Ws6rORgW3uzuzAZvHgfswTqQvO', 'Trần Mỹ Ngọc', 'hs20192@school.edu.vn', '0344605235', 'Học sinh', NOW(), NULL),
(248, 'hs20193', '$2a$10$sE1v3IU6609b6xXcUTJRiOAud42Ws6rORgW3uzuzAZvHgfswTqQvO', 'Đặng Văn Nam', 'hs20193@school.edu.vn', '0376574572', 'Học sinh', NOW(), NULL),
(249, 'hs20194', '$2a$10$sE1v3IU6609b6xXcUTJRiOAud42Ws6rORgW3uzuzAZvHgfswTqQvO', 'Phan Mỹ Quỳnh', 'hs20194@school.edu.vn', '0310777931', 'Học sinh', NOW(), NULL),
(250, 'hs20195', '$2a$10$sE1v3IU6609b6xXcUTJRiOAud42Ws6rORgW3uzuzAZvHgfswTqQvO', 'Hoàng Mỹ Hương', 'hs20195@school.edu.vn', '0345005343', 'Học sinh', NOW(), NULL),
(251, 'hs20196', '$2a$10$sE1v3IU6609b6xXcUTJRiOAud42Ws6rORgW3uzuzAZvHgfswTqQvO', 'Ngô Văn Long', 'hs20196@school.edu.vn', '0351772643', 'Học sinh', NOW(), NULL),
(252, 'hs20197', '$2a$10$sE1v3IU6609b6xXcUTJRiOAud42Ws6rORgW3uzuzAZvHgfswTqQvO', 'Đặng Thị Hà', 'hs20197@school.edu.vn', '0313138328', 'Học sinh', NOW(), NULL),
(253, 'hs20198', '$2a$10$sE1v3IU6609b6xXcUTJRiOAud42Ws6rORgW3uzuzAZvHgfswTqQvO', 'Lê Hữu Quân', 'hs20198@school.edu.vn', '0359202528', 'Học sinh', NOW(), NULL),
(254, 'hs20199', '$2a$10$sE1v3IU6609b6xXcUTJRiOAud42Ws6rORgW3uzuzAZvHgfswTqQvO', 'Huỳnh Hữu Nam', 'hs20199@school.edu.vn', '0359316746', 'Học sinh', NOW(), NULL),
(255, 'hs20200', '$2a$10$sE1v3IU6609b6xXcUTJRiOAud42Ws6rORgW3uzuzAZvHgfswTqQvO', 'Đặng Văn Cường', 'hs20200@school.edu.vn', '0381382517', 'Học sinh', NOW(), NULL),
(256, 'hs20201', '$2a$10$sE1v3IU6609b6xXcUTJRiOAud42Ws6rORgW3uzuzAZvHgfswTqQvO', 'Hoàng Văn Việt', 'hs20201@school.edu.vn', '0354752774', 'Học sinh', NOW(), NULL),
(257, 'hs20202', '$2a$10$sE1v3IU6609b6xXcUTJRiOAud42Ws6rORgW3uzuzAZvHgfswTqQvO', 'Võ Hữu Dũng', 'hs20202@school.edu.vn', '0388392759', 'Học sinh', NOW(), NULL),
(258, 'hs20203', '$2a$10$sE1v3IU6609b6xXcUTJRiOAud42Ws6rORgW3uzuzAZvHgfswTqQvO', 'Ngô Mỹ Bình', 'hs20203@school.edu.vn', '0358084515', 'Học sinh', NOW(), NULL),
(259, 'hs20204', '$2a$10$sE1v3IU6609b6xXcUTJRiOAud42Ws6rORgW3uzuzAZvHgfswTqQvO', 'Ngô Mỹ An', 'hs20204@school.edu.vn', '0376566617', 'Học sinh', NOW(), NULL),
(260, 'hs20205', '$2a$10$sE1v3IU6609b6xXcUTJRiOAud42Ws6rORgW3uzuzAZvHgfswTqQvO', 'Dương Văn Dũng', 'hs20205@school.edu.vn', '0353061259', 'Học sinh', NOW(), NULL),
(261, 'hs20206', '$2a$10$sE1v3IU6609b6xXcUTJRiOAud42Ws6rORgW3uzuzAZvHgfswTqQvO', 'Bùi Mỹ Giang', 'hs20206@school.edu.vn', '0366085135', 'Học sinh', NOW(), NULL),
(262, 'hs20207', '$2a$10$sE1v3IU6609b6xXcUTJRiOAud42Ws6rORgW3uzuzAZvHgfswTqQvO', 'Nguyễn Mỹ Bình', 'hs20207@school.edu.vn', '0360796624', 'Học sinh', NOW(), NULL),
(263, 'hs20208', '$2a$10$sE1v3IU6609b6xXcUTJRiOAud42Ws6rORgW3uzuzAZvHgfswTqQvO', 'Hoàng Hữu Anh', 'hs20208@school.edu.vn', '0386197825', 'Học sinh', NOW(), NULL),
(264, 'hs20209', '$2a$10$sE1v3IU6609b6xXcUTJRiOAud42Ws6rORgW3uzuzAZvHgfswTqQvO', 'Hoàng Thị Nga', 'hs20209@school.edu.vn', '0397044453', 'Học sinh', NOW(), NULL),
(265, 'hs20210', '$2a$10$sE1v3IU6609b6xXcUTJRiOAud42Ws6rORgW3uzuzAZvHgfswTqQvO', 'Bùi Mỹ Trang', 'hs20210@school.edu.vn', '0360141613', 'Học sinh', NOW(), NULL),
(266, 'hs20211', '$2a$10$sE1v3IU6609b6xXcUTJRiOAud42Ws6rORgW3uzuzAZvHgfswTqQvO', 'Trần Hữu Bảo', 'hs20211@school.edu.vn', '0326612457', 'Học sinh', NOW(), NULL),
(267, 'hs20212', '$2a$10$sE1v3IU6609b6xXcUTJRiOAud42Ws6rORgW3uzuzAZvHgfswTqQvO', 'Dương Thị Ngọc', 'hs20212@school.edu.vn', '0383523719', 'Học sinh', NOW(), NULL),
(268, 'hs20213', '$2a$10$sE1v3IU6609b6xXcUTJRiOAud42Ws6rORgW3uzuzAZvHgfswTqQvO', 'Trần Mỹ Thảo', 'hs20213@school.edu.vn', '0345319342', 'Học sinh', NOW(), NULL),
(269, 'hs20214', '$2a$10$sE1v3IU6609b6xXcUTJRiOAud42Ws6rORgW3uzuzAZvHgfswTqQvO', 'Ngô Văn Hiếu', 'hs20214@school.edu.vn', '0345752411', 'Học sinh', NOW(), NULL),
(270, 'hs20215', '$2a$10$sE1v3IU6609b6xXcUTJRiOAud42Ws6rORgW3uzuzAZvHgfswTqQvO', 'Lê Văn Huy', 'hs20215@school.edu.vn', '0322933012', 'Học sinh', NOW(), NULL),
(271, 'hs20216', '$2a$10$sE1v3IU6609b6xXcUTJRiOAud42Ws6rORgW3uzuzAZvHgfswTqQvO', 'Trần Thị Ngọc', 'hs20216@school.edu.vn', '0387660697', 'Học sinh', NOW(), NULL),
(272, 'hs20217', '$2a$10$sE1v3IU6609b6xXcUTJRiOAud42Ws6rORgW3uzuzAZvHgfswTqQvO', 'Hồ Thị Quỳnh', 'hs20217@school.edu.vn', '0396190223', 'Học sinh', NOW(), NULL),
(273, 'hs20218', '$2a$10$sE1v3IU6609b6xXcUTJRiOAud42Ws6rORgW3uzuzAZvHgfswTqQvO', 'Phạm Thị Trang', 'hs20218@school.edu.vn', '0397698799', 'Học sinh', NOW(), NULL),
(274, 'hs20219', '$2a$10$sE1v3IU6609b6xXcUTJRiOAud42Ws6rORgW3uzuzAZvHgfswTqQvO', 'Nguyễn Hữu Minh', 'hs20219@school.edu.vn', '0354071050', 'Học sinh', NOW(), NULL),
(275, 'hs20220', '$2a$10$sE1v3IU6609b6xXcUTJRiOAud42Ws6rORgW3uzuzAZvHgfswTqQvO', 'Dương Hữu Tuấn', 'hs20220@school.edu.vn', '0360223399', 'Học sinh', NOW(), NULL),
(276, 'hs20221', '$2a$10$sE1v3IU6609b6xXcUTJRiOAud42Ws6rORgW3uzuzAZvHgfswTqQvO', 'Võ Văn Long', 'hs20221@school.edu.vn', '0323551627', 'Học sinh', NOW(), NULL),
(277, 'hs20222', '$2a$10$sE1v3IU6609b6xXcUTJRiOAud42Ws6rORgW3uzuzAZvHgfswTqQvO', 'Ngô Hữu Nam', 'hs20222@school.edu.vn', '0318888066', 'Học sinh', NOW(), NULL),
(278, 'hs20223', '$2a$10$sE1v3IU6609b6xXcUTJRiOAud42Ws6rORgW3uzuzAZvHgfswTqQvO', 'Đỗ Hữu Dũng', 'hs20223@school.edu.vn', '0353432829', 'Học sinh', NOW(), NULL),
(279, 'hs20224', '$2a$10$sE1v3IU6609b6xXcUTJRiOAud42Ws6rORgW3uzuzAZvHgfswTqQvO', 'Đỗ Hữu Bảo', 'hs20224@school.edu.vn', '0378250939', 'Học sinh', NOW(), NULL),
(280, 'hs20225', '$2a$10$sE1v3IU6609b6xXcUTJRiOAud42Ws6rORgW3uzuzAZvHgfswTqQvO', 'Hồ Mỹ Bình', 'hs20225@school.edu.vn', '0388166663', 'Học sinh', NOW(), NULL),
(281, 'hs20226', '$2a$10$sE1v3IU6609b6xXcUTJRiOAud42Ws6rORgW3uzuzAZvHgfswTqQvO', 'Dương Hữu Hiếu', 'hs20226@school.edu.vn', '0322514880', 'Học sinh', NOW(), NULL),
(282, 'hs20227', '$2a$10$sE1v3IU6609b6xXcUTJRiOAud42Ws6rORgW3uzuzAZvHgfswTqQvO', 'Võ Hữu Sơn', 'hs20227@school.edu.vn', '0341495363', 'Học sinh', NOW(), NULL),
(283, 'hs20228', '$2a$10$sE1v3IU6609b6xXcUTJRiOAud42Ws6rORgW3uzuzAZvHgfswTqQvO', 'Phạm Mỹ Hương', 'hs20228@school.edu.vn', '0367240991', 'Học sinh', NOW(), NULL),
(284, 'hs20229', '$2a$10$sE1v3IU6609b6xXcUTJRiOAud42Ws6rORgW3uzuzAZvHgfswTqQvO', 'Dương Thị Bình', 'hs20229@school.edu.vn', '0381803369', 'Học sinh', NOW(), NULL),
(285, 'hs20230', '$2a$10$sE1v3IU6609b6xXcUTJRiOAud42Ws6rORgW3uzuzAZvHgfswTqQvO', 'Dương Thị Chi', 'hs20230@school.edu.vn', '0393379716', 'Học sinh', NOW(), NULL),
(286, 'hs20231', '$2a$10$sE1v3IU6609b6xXcUTJRiOAud42Ws6rORgW3uzuzAZvHgfswTqQvO', 'Ngô Văn Thắng', 'hs20231@school.edu.vn', '0393629355', 'Học sinh', NOW(), NULL),
(287, 'hs20232', '$2a$10$sE1v3IU6609b6xXcUTJRiOAud42Ws6rORgW3uzuzAZvHgfswTqQvO', 'Dương Thị Hương', 'hs20232@school.edu.vn', '0370753646', 'Học sinh', NOW(), NULL),
(288, 'hs20233', '$2a$10$sE1v3IU6609b6xXcUTJRiOAud42Ws6rORgW3uzuzAZvHgfswTqQvO', 'Hoàng Thị Thảo', 'hs20233@school.edu.vn', '0315782396', 'Học sinh', NOW(), NULL),
(289, 'hs20234', '$2a$10$sE1v3IU6609b6xXcUTJRiOAud42Ws6rORgW3uzuzAZvHgfswTqQvO', 'Dương Hữu Minh', 'hs20234@school.edu.vn', '0344875276', 'Học sinh', NOW(), NULL),
(290, 'hs20235', '$2a$10$sE1v3IU6609b6xXcUTJRiOAud42Ws6rORgW3uzuzAZvHgfswTqQvO', 'Huỳnh Văn Dũng', 'hs20235@school.edu.vn', '0395120709', 'Học sinh', NOW(), NULL),
(291, 'hs20236', '$2a$10$sE1v3IU6609b6xXcUTJRiOAud42Ws6rORgW3uzuzAZvHgfswTqQvO', 'Phạm Mỹ Nga', 'hs20236@school.edu.vn', '0311133559', 'Học sinh', NOW(), NULL),
(292, 'hs20237', '$2a$10$sE1v3IU6609b6xXcUTJRiOAud42Ws6rORgW3uzuzAZvHgfswTqQvO', 'Võ Thị Giang', 'hs20237@school.edu.vn', '0322462116', 'Học sinh', NOW(), NULL),
(293, 'hs20238', '$2a$10$sE1v3IU6609b6xXcUTJRiOAud42Ws6rORgW3uzuzAZvHgfswTqQvO', 'Huỳnh Thị Hương', 'hs20238@school.edu.vn', '0353406597', 'Học sinh', NOW(), NULL),
(294, 'hs20239', '$2a$10$sE1v3IU6609b6xXcUTJRiOAud42Ws6rORgW3uzuzAZvHgfswTqQvO', 'Trần Văn Nam', 'hs20239@school.edu.vn', '0380128489', 'Học sinh', NOW(), NULL),
(295, 'hs20240', '$2a$10$sE1v3IU6609b6xXcUTJRiOAud42Ws6rORgW3uzuzAZvHgfswTqQvO', 'Ngô Văn Cường', 'hs20240@school.edu.vn', '0330277900', 'Học sinh', NOW(), NULL),
(296, 'hs20241', '$2a$10$sE1v3IU6609b6xXcUTJRiOAud42Ws6rORgW3uzuzAZvHgfswTqQvO', 'Ngô Văn Nam', 'hs20241@school.edu.vn', '0337531849', 'Học sinh', NOW(), NULL),
(297, 'hs20242', '$2a$10$sE1v3IU6609b6xXcUTJRiOAud42Ws6rORgW3uzuzAZvHgfswTqQvO', 'Đỗ Thị Bình', 'hs20242@school.edu.vn', '0389889438', 'Học sinh', NOW(), NULL),
(298, 'hs20243', '$2a$10$sE1v3IU6609b6xXcUTJRiOAud42Ws6rORgW3uzuzAZvHgfswTqQvO', 'Phan Thị Trang', 'hs20243@school.edu.vn', '0311606454', 'Học sinh', NOW(), NULL),
(299, 'hs20244', '$2a$10$sE1v3IU6609b6xXcUTJRiOAud42Ws6rORgW3uzuzAZvHgfswTqQvO', 'Ngô Hữu Huy', 'hs20244@school.edu.vn', '0323229081', 'Học sinh', NOW(), NULL),
(300, 'hs20245', '$2a$10$sE1v3IU6609b6xXcUTJRiOAud42Ws6rORgW3uzuzAZvHgfswTqQvO', 'Phạm Hữu Tuấn', 'hs20245@school.edu.vn', '0345737944', 'Học sinh', NOW(), NULL),
(301, 'hs20246', '$2a$10$sE1v3IU6609b6xXcUTJRiOAud42Ws6rORgW3uzuzAZvHgfswTqQvO', 'Đặng Mỹ Bình', 'hs20246@school.edu.vn', '0334842491', 'Học sinh', NOW(), NULL),
(302, 'hs20247', '$2a$10$sE1v3IU6609b6xXcUTJRiOAud42Ws6rORgW3uzuzAZvHgfswTqQvO', 'Nguyễn Văn Cường', 'hs20247@school.edu.vn', '0366553492', 'Học sinh', NOW(), NULL),
(303, 'hs20248', '$2a$10$sE1v3IU6609b6xXcUTJRiOAud42Ws6rORgW3uzuzAZvHgfswTqQvO', 'Phạm Văn Cường', 'hs20248@school.edu.vn', '0363761610', 'Học sinh', NOW(), NULL),
(304, 'hs20249', '$2a$10$sE1v3IU6609b6xXcUTJRiOAud42Ws6rORgW3uzuzAZvHgfswTqQvO', 'Dương Hữu Sơn', 'hs20249@school.edu.vn', '0311898906', 'Học sinh', NOW(), NULL),
(305, 'hs20250', '$2a$10$sE1v3IU6609b6xXcUTJRiOAud42Ws6rORgW3uzuzAZvHgfswTqQvO', 'Ngô Mỹ Nga', 'hs20250@school.edu.vn', '0321424887', 'Học sinh', NOW(), NULL),
(306, 'hs20251', '$2a$10$sE1v3IU6609b6xXcUTJRiOAud42Ws6rORgW3uzuzAZvHgfswTqQvO', 'Bùi Hữu Khánh', 'hs20251@school.edu.vn', '0343494756', 'Học sinh', NOW(), NULL),
(307, 'hs20252', '$2a$10$sE1v3IU6609b6xXcUTJRiOAud42Ws6rORgW3uzuzAZvHgfswTqQvO', 'Hồ Văn Minh', 'hs20252@school.edu.vn', '0386886934', 'Học sinh', NOW(), NULL),
(308, 'hs20253', '$2a$10$sE1v3IU6609b6xXcUTJRiOAud42Ws6rORgW3uzuzAZvHgfswTqQvO', 'Phan Thị Phương', 'hs20253@school.edu.vn', '0389178092', 'Học sinh', NOW(), NULL),
(309, 'hs20254', '$2a$10$sE1v3IU6609b6xXcUTJRiOAud42Ws6rORgW3uzuzAZvHgfswTqQvO', 'Dương Văn Anh', 'hs20254@school.edu.vn', '0391610137', 'Học sinh', NOW(), NULL),
(310, 'hs20255', '$2a$10$sE1v3IU6609b6xXcUTJRiOAud42Ws6rORgW3uzuzAZvHgfswTqQvO', 'Hồ Mỹ Chi', 'hs20255@school.edu.vn', '0369522225', 'Học sinh', NOW(), NULL),
(311, 'hs20256', '$2a$10$sE1v3IU6609b6xXcUTJRiOAud42Ws6rORgW3uzuzAZvHgfswTqQvO', 'Hoàng Thị An', 'hs20256@school.edu.vn', '0341433355', 'Học sinh', NOW(), NULL),
(312, 'hs20257', '$2a$10$sE1v3IU6609b6xXcUTJRiOAud42Ws6rORgW3uzuzAZvHgfswTqQvO', 'Đặng Hữu Nam', 'hs20257@school.edu.vn', '0335530337', 'Học sinh', NOW(), NULL),
(313, 'hs20258', '$2a$10$sE1v3IU6609b6xXcUTJRiOAud42Ws6rORgW3uzuzAZvHgfswTqQvO', 'Huỳnh Văn Việt', 'hs20258@school.edu.vn', '0341017285', 'Học sinh', NOW(), NULL),
(314, 'hs20259', '$2a$10$sE1v3IU6609b6xXcUTJRiOAud42Ws6rORgW3uzuzAZvHgfswTqQvO', 'Trần Hữu Tuấn', 'hs20259@school.edu.vn', '0391286320', 'Học sinh', NOW(), NULL),
(315, 'hs20260', '$2a$10$sE1v3IU6609b6xXcUTJRiOAud42Ws6rORgW3uzuzAZvHgfswTqQvO', 'Võ Mỹ Ngọc', 'hs20260@school.edu.vn', '0346261176', 'Học sinh', NOW(), NULL),
(316, 'hs20261', '$2a$10$sE1v3IU6609b6xXcUTJRiOAud42Ws6rORgW3uzuzAZvHgfswTqQvO', 'Ngô Mỹ Phương', 'hs20261@school.edu.vn', '0345787456', 'Học sinh', NOW(), NULL),
(317, 'hs20262', '$2a$10$sE1v3IU6609b6xXcUTJRiOAud42Ws6rORgW3uzuzAZvHgfswTqQvO', 'Trần Mỹ Quỳnh', 'hs20262@school.edu.vn', '0398997812', 'Học sinh', NOW(), NULL),
(318, 'hs20263', '$2a$10$sE1v3IU6609b6xXcUTJRiOAud42Ws6rORgW3uzuzAZvHgfswTqQvO', 'Lê Thị Hà', 'hs20263@school.edu.vn', '0347676269', 'Học sinh', NOW(), NULL),
(319, 'hs20264', '$2a$10$sE1v3IU6609b6xXcUTJRiOAud42Ws6rORgW3uzuzAZvHgfswTqQvO', 'Phạm Thị Giang', 'hs20264@school.edu.vn', '0330558441', 'Học sinh', NOW(), NULL),
(320, 'hs20265', '$2a$10$sE1v3IU6609b6xXcUTJRiOAud42Ws6rORgW3uzuzAZvHgfswTqQvO', 'Phạm Hữu Nam', 'hs20265@school.edu.vn', '0395222787', 'Học sinh', NOW(), NULL),
(321, 'hs20266', '$2a$10$sE1v3IU6609b6xXcUTJRiOAud42Ws6rORgW3uzuzAZvHgfswTqQvO', 'Lê Hữu Sơn', 'hs20266@school.edu.vn', '0363742634', 'Học sinh', NOW(), NULL),
(322, 'hs20267', '$2a$10$sE1v3IU6609b6xXcUTJRiOAud42Ws6rORgW3uzuzAZvHgfswTqQvO', 'Dương Thị Quỳnh', 'hs20267@school.edu.vn', '0315820434', 'Học sinh', NOW(), NULL),
(323, 'hs20268', '$2a$10$sE1v3IU6609b6xXcUTJRiOAud42Ws6rORgW3uzuzAZvHgfswTqQvO', 'Trần Hữu Hiếu', 'hs20268@school.edu.vn', '0348592808', 'Học sinh', NOW(), NULL),
(324, 'hs20269', '$2a$10$sE1v3IU6609b6xXcUTJRiOAud42Ws6rORgW3uzuzAZvHgfswTqQvO', 'Huỳnh Hữu Long', 'hs20269@school.edu.vn', '0369149496', 'Học sinh', NOW(), NULL),
(325, 'hs20270', '$2a$10$sE1v3IU6609b6xXcUTJRiOAud42Ws6rORgW3uzuzAZvHgfswTqQvO', 'Ngô Văn Cường', 'hs20270@school.edu.vn', '0367973382', 'Học sinh', NOW(), NULL),
(326, 'hs20271', '$2a$10$sE1v3IU6609b6xXcUTJRiOAud42Ws6rORgW3uzuzAZvHgfswTqQvO', 'Hồ Mỹ Hà', 'hs20271@school.edu.vn', '0329695843', 'Học sinh', NOW(), NULL),
(327, 'hs20272', '$2a$10$sE1v3IU6609b6xXcUTJRiOAud42Ws6rORgW3uzuzAZvHgfswTqQvO', 'Bùi Mỹ Thảo', 'hs20272@school.edu.vn', '0376125437', 'Học sinh', NOW(), NULL),
(328, 'hs20273', '$2a$10$sE1v3IU6609b6xXcUTJRiOAud42Ws6rORgW3uzuzAZvHgfswTqQvO', 'Đặng Văn Tuấn', 'hs20273@school.edu.vn', '0332745174', 'Học sinh', NOW(), NULL),
(329, 'hs20274', '$2a$10$sE1v3IU6609b6xXcUTJRiOAud42Ws6rORgW3uzuzAZvHgfswTqQvO', 'Ngô Thị Bình', 'hs20274@school.edu.vn', '0341348356', 'Học sinh', NOW(), NULL),
(330, 'hs20275', '$2a$10$sE1v3IU6609b6xXcUTJRiOAud42Ws6rORgW3uzuzAZvHgfswTqQvO', 'Hồ Thị Lan', 'hs20275@school.edu.vn', '0366851402', 'Học sinh', NOW(), NULL),
(331, 'hs20276', '$2a$10$sE1v3IU6609b6xXcUTJRiOAud42Ws6rORgW3uzuzAZvHgfswTqQvO', 'Đặng Thị Mai', 'hs20276@school.edu.vn', '0380731489', 'Học sinh', NOW(), NULL),
(332, 'hs20277', '$2a$10$sE1v3IU6609b6xXcUTJRiOAud42Ws6rORgW3uzuzAZvHgfswTqQvO', 'Đỗ Văn Minh', 'hs20277@school.edu.vn', '0367831587', 'Học sinh', NOW(), NULL),
(333, 'hs20278', '$2a$10$sE1v3IU6609b6xXcUTJRiOAud42Ws6rORgW3uzuzAZvHgfswTqQvO', 'Nguyễn Hữu Khánh', 'hs20278@school.edu.vn', '0394213879', 'Học sinh', NOW(), NULL),
(334, 'hs20279', '$2a$10$sE1v3IU6609b6xXcUTJRiOAud42Ws6rORgW3uzuzAZvHgfswTqQvO', 'Ngô Hữu Dũng', 'hs20279@school.edu.vn', '0354959878', 'Học sinh', NOW(), NULL),
(335, 'hs20280', '$2a$10$sE1v3IU6609b6xXcUTJRiOAud42Ws6rORgW3uzuzAZvHgfswTqQvO', 'Đỗ Văn Huy', 'hs20280@school.edu.vn', '0348348485', 'Học sinh', NOW(), NULL),
(336, 'hs20281', '$2a$10$sE1v3IU6609b6xXcUTJRiOAud42Ws6rORgW3uzuzAZvHgfswTqQvO', 'Hoàng Văn Khánh', 'hs20281@school.edu.vn', '0329898846', 'Học sinh', NOW(), NULL),
(337, 'hs20282', '$2a$10$sE1v3IU6609b6xXcUTJRiOAud42Ws6rORgW3uzuzAZvHgfswTqQvO', 'Trần Mỹ Bình', 'hs20282@school.edu.vn', '0347020923', 'Học sinh', NOW(), NULL),
(338, 'hs20283', '$2a$10$sE1v3IU6609b6xXcUTJRiOAud42Ws6rORgW3uzuzAZvHgfswTqQvO', 'Ngô Thị Trang', 'hs20283@school.edu.vn', '0387156962', 'Học sinh', NOW(), NULL),
(339, 'hs20284', '$2a$10$sE1v3IU6609b6xXcUTJRiOAud42Ws6rORgW3uzuzAZvHgfswTqQvO', 'Hoàng Thị Ngọc', 'hs20284@school.edu.vn', '0325689348', 'Học sinh', NOW(), NULL),
(340, 'hs20285', '$2a$10$sE1v3IU6609b6xXcUTJRiOAud42Ws6rORgW3uzuzAZvHgfswTqQvO', 'Ngô Văn Tuấn', 'hs20285@school.edu.vn', '0319415230', 'Học sinh', NOW(), NULL),
(341, 'hs20286', '$2a$10$sE1v3IU6609b6xXcUTJRiOAud42Ws6rORgW3uzuzAZvHgfswTqQvO', 'Phạm Văn Huy', 'hs20286@school.edu.vn', '0376425372', 'Học sinh', NOW(), NULL),
(342, 'hs20287', '$2a$10$sE1v3IU6609b6xXcUTJRiOAud42Ws6rORgW3uzuzAZvHgfswTqQvO', 'Hoàng Hữu Bảo', 'hs20287@school.edu.vn', '0364381374', 'Học sinh', NOW(), NULL),
(343, 'hs20288', '$2a$10$sE1v3IU6609b6xXcUTJRiOAud42Ws6rORgW3uzuzAZvHgfswTqQvO', 'Hoàng Mỹ Hương', 'hs20288@school.edu.vn', '0355574112', 'Học sinh', NOW(), NULL),
(344, 'hs20289', '$2a$10$sE1v3IU6609b6xXcUTJRiOAud42Ws6rORgW3uzuzAZvHgfswTqQvO', 'Nguyễn Thị Lan', 'hs20289@school.edu.vn', '0382802987', 'Học sinh', NOW(), NULL),
(345, 'hs20290', '$2a$10$sE1v3IU6609b6xXcUTJRiOAud42Ws6rORgW3uzuzAZvHgfswTqQvO', 'Bùi Thị Thảo', 'hs20290@school.edu.vn', '0337851860', 'Học sinh', NOW(), NULL),
(346, 'hs20291', '$2a$10$sE1v3IU6609b6xXcUTJRiOAud42Ws6rORgW3uzuzAZvHgfswTqQvO', 'Đặng Mỹ Trang', 'hs20291@school.edu.vn', '0373136455', 'Học sinh', NOW(), NULL),
(347, 'hs20292', '$2a$10$sE1v3IU6609b6xXcUTJRiOAud42Ws6rORgW3uzuzAZvHgfswTqQvO', 'Nguyễn Thị Hà', 'hs20292@school.edu.vn', '0356034903', 'Học sinh', NOW(), NULL),
(348, 'hs20293', '$2a$10$sE1v3IU6609b6xXcUTJRiOAud42Ws6rORgW3uzuzAZvHgfswTqQvO', 'Phan Mỹ Bình', 'hs20293@school.edu.vn', '0382678082', 'Học sinh', NOW(), NULL),
(349, 'hs20294', '$2a$10$sE1v3IU6609b6xXcUTJRiOAud42Ws6rORgW3uzuzAZvHgfswTqQvO', 'Nguyễn Mỹ Hà', 'hs20294@school.edu.vn', '0315777933', 'Học sinh', NOW(), NULL),
(350, 'hs20295', '$2a$10$sE1v3IU6609b6xXcUTJRiOAud42Ws6rORgW3uzuzAZvHgfswTqQvO', 'Dương Hữu Dũng', 'hs20295@school.edu.vn', '0393606992', 'Học sinh', NOW(), NULL),
(351, 'hs20296', '$2a$10$sE1v3IU6609b6xXcUTJRiOAud42Ws6rORgW3uzuzAZvHgfswTqQvO', 'Phan Văn Việt', 'hs20296@school.edu.vn', '0351002387', 'Học sinh', NOW(), NULL),
(352, 'hs20297', '$2a$10$sE1v3IU6609b6xXcUTJRiOAud42Ws6rORgW3uzuzAZvHgfswTqQvO', 'Dương Hữu Thắng', 'hs20297@school.edu.vn', '0314487439', 'Học sinh', NOW(), NULL),
(353, 'hs20298', '$2a$10$sE1v3IU6609b6xXcUTJRiOAud42Ws6rORgW3uzuzAZvHgfswTqQvO', 'Phạm Mỹ Nga', 'hs20298@school.edu.vn', '0310002253', 'Học sinh', NOW(), NULL),
(354, 'hs20299', '$2a$10$sE1v3IU6609b6xXcUTJRiOAud42Ws6rORgW3uzuzAZvHgfswTqQvO', 'Trần Thị Nga', 'hs20299@school.edu.vn', '0387401727', 'Học sinh', NOW(), NULL),
(355, 'hs20300', '$2a$10$sE1v3IU6609b6xXcUTJRiOAud42Ws6rORgW3uzuzAZvHgfswTqQvO', 'Dương Văn Sơn', 'hs20300@school.edu.vn', '0381285378', 'Học sinh', NOW(), NULL),
(356, 'hs20301', '$2a$10$sE1v3IU6609b6xXcUTJRiOAud42Ws6rORgW3uzuzAZvHgfswTqQvO', 'Đỗ Hữu Hiếu', 'hs20301@school.edu.vn', '0360663282', 'Học sinh', NOW(), NULL),
(357, 'hs20302', '$2a$10$sE1v3IU6609b6xXcUTJRiOAud42Ws6rORgW3uzuzAZvHgfswTqQvO', 'Đỗ Mỹ Lan', 'hs20302@school.edu.vn', '0317931517', 'Học sinh', NOW(), NULL),
(358, 'hs20303', '$2a$10$sE1v3IU6609b6xXcUTJRiOAud42Ws6rORgW3uzuzAZvHgfswTqQvO', 'Võ Mỹ Giang', 'hs20303@school.edu.vn', '0339312688', 'Học sinh', NOW(), NULL),
(359, 'hs20304', '$2a$10$sE1v3IU6609b6xXcUTJRiOAud42Ws6rORgW3uzuzAZvHgfswTqQvO', 'Dương Văn Nam', 'hs20304@school.edu.vn', '0382618101', 'Học sinh', NOW(), NULL),
(360, 'hs20305', '$2a$10$sE1v3IU6609b6xXcUTJRiOAud42Ws6rORgW3uzuzAZvHgfswTqQvO', 'Phạm Thị Thảo', 'hs20305@school.edu.vn', '0369778813', 'Học sinh', NOW(), NULL),
(361, 'hs20306', '$2a$10$sE1v3IU6609b6xXcUTJRiOAud42Ws6rORgW3uzuzAZvHgfswTqQvO', 'Ngô Mỹ Quỳnh', 'hs20306@school.edu.vn', '0361264996', 'Học sinh', NOW(), NULL),
(362, 'hs20307', '$2a$10$sE1v3IU6609b6xXcUTJRiOAud42Ws6rORgW3uzuzAZvHgfswTqQvO', 'Ngô Thị Hà', 'hs20307@school.edu.vn', '0310332443', 'Học sinh', NOW(), NULL),
(363, 'hs20308', '$2a$10$sE1v3IU6609b6xXcUTJRiOAud42Ws6rORgW3uzuzAZvHgfswTqQvO', 'Đặng Hữu Khánh', 'hs20308@school.edu.vn', '0378206350', 'Học sinh', NOW(), NULL),
(364, 'hs20309', '$2a$10$sE1v3IU6609b6xXcUTJRiOAud42Ws6rORgW3uzuzAZvHgfswTqQvO', 'Phan Mỹ Thảo', 'hs20309@school.edu.vn', '0321132414', 'Học sinh', NOW(), NULL),
(365, 'hs20310', '$2a$10$sE1v3IU6609b6xXcUTJRiOAud42Ws6rORgW3uzuzAZvHgfswTqQvO', 'Hoàng Mỹ Ngọc', 'hs20310@school.edu.vn', '0344343945', 'Học sinh', NOW(), NULL),
(366, 'hs20311', '$2a$10$sE1v3IU6609b6xXcUTJRiOAud42Ws6rORgW3uzuzAZvHgfswTqQvO', 'Phạm Văn Quân', 'hs20311@school.edu.vn', '0344670396', 'Học sinh', NOW(), NULL),
(367, 'hs20312', '$2a$10$sE1v3IU6609b6xXcUTJRiOAud42Ws6rORgW3uzuzAZvHgfswTqQvO', 'Hoàng Hữu Hiếu', 'hs20312@school.edu.vn', '0358843958', 'Học sinh', NOW(), NULL),
(368, 'hs20313', '$2a$10$sE1v3IU6609b6xXcUTJRiOAud42Ws6rORgW3uzuzAZvHgfswTqQvO', 'Huỳnh Hữu Huy', 'hs20313@school.edu.vn', '0327763971', 'Học sinh', NOW(), NULL),
(369, 'hs20314', '$2a$10$sE1v3IU6609b6xXcUTJRiOAud42Ws6rORgW3uzuzAZvHgfswTqQvO', 'Đặng Văn Huy', 'hs20314@school.edu.vn', '0359978930', 'Học sinh', NOW(), NULL),
(370, 'hs20315', '$2a$10$sE1v3IU6609b6xXcUTJRiOAud42Ws6rORgW3uzuzAZvHgfswTqQvO', 'Đặng Mỹ Ngọc', 'hs20315@school.edu.vn', '0367805026', 'Học sinh', NOW(), NULL),
(371, 'hs20316', '$2a$10$sE1v3IU6609b6xXcUTJRiOAud42Ws6rORgW3uzuzAZvHgfswTqQvO', 'Dương Văn Hiếu', 'hs20316@school.edu.vn', '0328324916', 'Học sinh', NOW(), NULL),
(372, 'hs20317', '$2a$10$sE1v3IU6609b6xXcUTJRiOAud42Ws6rORgW3uzuzAZvHgfswTqQvO', 'Phạm Hữu Phong', 'hs20317@school.edu.vn', '0369064815', 'Học sinh', NOW(), NULL),
(373, 'hs20318', '$2a$10$sE1v3IU6609b6xXcUTJRiOAud42Ws6rORgW3uzuzAZvHgfswTqQvO', 'Nguyễn Mỹ An', 'hs20318@school.edu.vn', '0333232026', 'Học sinh', NOW(), NULL),
(374, 'hs20319', '$2a$10$sE1v3IU6609b6xXcUTJRiOAud42Ws6rORgW3uzuzAZvHgfswTqQvO', 'Ngô Văn Huy', 'hs20319@school.edu.vn', '0376386354', 'Học sinh', NOW(), NULL),
(375, 'hs20320', '$2a$10$sE1v3IU6609b6xXcUTJRiOAud42Ws6rORgW3uzuzAZvHgfswTqQvO', 'Hồ Văn Quân', 'hs20320@school.edu.vn', '0323522511', 'Học sinh', NOW(), NULL),
(376, 'hs20321', '$2a$10$sE1v3IU6609b6xXcUTJRiOAud42Ws6rORgW3uzuzAZvHgfswTqQvO', 'Võ Hữu Cường', 'hs20321@school.edu.vn', '0389010449', 'Học sinh', NOW(), NULL),
(377, 'hs20322', '$2a$10$sE1v3IU6609b6xXcUTJRiOAud42Ws6rORgW3uzuzAZvHgfswTqQvO', 'Ngô Văn Anh', 'hs20322@school.edu.vn', '0371531838', 'Học sinh', NOW(), NULL),
(378, 'hs20323', '$2a$10$sE1v3IU6609b6xXcUTJRiOAud42Ws6rORgW3uzuzAZvHgfswTqQvO', 'Võ Thị Chi', 'hs20323@school.edu.vn', '0320046727', 'Học sinh', NOW(), NULL),
(379, 'hs20324', '$2a$10$sE1v3IU6609b6xXcUTJRiOAud42Ws6rORgW3uzuzAZvHgfswTqQvO', 'Phạm Thị Hà', 'hs20324@school.edu.vn', '0373674524', 'Học sinh', NOW(), NULL),
(380, 'hs20325', '$2a$10$sE1v3IU6609b6xXcUTJRiOAud42Ws6rORgW3uzuzAZvHgfswTqQvO', 'Hoàng Mỹ Quỳnh', 'hs20325@school.edu.vn', '0327822047', 'Học sinh', NOW(), NULL),
(381, 'hs20326', '$2a$10$sE1v3IU6609b6xXcUTJRiOAud42Ws6rORgW3uzuzAZvHgfswTqQvO', 'Nguyễn Hữu Thắng', 'hs20326@school.edu.vn', '0397499307', 'Học sinh', NOW(), NULL),
(382, 'hs20327', '$2a$10$sE1v3IU6609b6xXcUTJRiOAud42Ws6rORgW3uzuzAZvHgfswTqQvO', 'Nguyễn Văn Long', 'hs20327@school.edu.vn', '0389927285', 'Học sinh', NOW(), NULL),
(383, 'hs20328', '$2a$10$sE1v3IU6609b6xXcUTJRiOAud42Ws6rORgW3uzuzAZvHgfswTqQvO', 'Nguyễn Mỹ Phương', 'hs20328@school.edu.vn', '0397306041', 'Học sinh', NOW(), NULL),
(384, 'hs20329', '$2a$10$sE1v3IU6609b6xXcUTJRiOAud42Ws6rORgW3uzuzAZvHgfswTqQvO', 'Hồ Hữu Bảo', 'hs20329@school.edu.vn', '0353757438', 'Học sinh', NOW(), NULL),
(385, 'hs20330', '$2a$10$sE1v3IU6609b6xXcUTJRiOAud42Ws6rORgW3uzuzAZvHgfswTqQvO', 'Lê Văn Huy', 'hs20330@school.edu.vn', '0382559228', 'Học sinh', NOW(), NULL),
(386, 'hs20331', '$2a$10$sE1v3IU6609b6xXcUTJRiOAud42Ws6rORgW3uzuzAZvHgfswTqQvO', 'Phan Văn Minh', 'hs20331@school.edu.vn', '0360159860', 'Học sinh', NOW(), NULL),
(387, 'hs20332', '$2a$10$sE1v3IU6609b6xXcUTJRiOAud42Ws6rORgW3uzuzAZvHgfswTqQvO', 'Dương Thị Phương', 'hs20332@school.edu.vn', '0395939759', 'Học sinh', NOW(), NULL),
(388, 'hs20333', '$2a$10$sE1v3IU6609b6xXcUTJRiOAud42Ws6rORgW3uzuzAZvHgfswTqQvO', 'Ngô Mỹ Hà', 'hs20333@school.edu.vn', '0388488608', 'Học sinh', NOW(), NULL),
(389, 'hs20334', '$2a$10$sE1v3IU6609b6xXcUTJRiOAud42Ws6rORgW3uzuzAZvHgfswTqQvO', 'Đặng Thị Hà', 'hs20334@school.edu.vn', '0357452459', 'Học sinh', NOW(), NULL),
(390, 'hs20335', '$2a$10$sE1v3IU6609b6xXcUTJRiOAud42Ws6rORgW3uzuzAZvHgfswTqQvO', 'Bùi Mỹ Mai', 'hs20335@school.edu.vn', '0318740674', 'Học sinh', NOW(), NULL),
(391, 'hs20336', '$2a$10$sE1v3IU6609b6xXcUTJRiOAud42Ws6rORgW3uzuzAZvHgfswTqQvO', 'Bùi Mỹ An', 'hs20336@school.edu.vn', '0394938440', 'Học sinh', NOW(), NULL),
(392, 'hs20337', '$2a$10$sE1v3IU6609b6xXcUTJRiOAud42Ws6rORgW3uzuzAZvHgfswTqQvO', 'Đặng Hữu Sơn', 'hs20337@school.edu.vn', '0328202847', 'Học sinh', NOW(), NULL),
(393, 'hs20338', '$2a$10$sE1v3IU6609b6xXcUTJRiOAud42Ws6rORgW3uzuzAZvHgfswTqQvO', 'Đỗ Văn Việt', 'hs20338@school.edu.vn', '0332783107', 'Học sinh', NOW(), NULL),
(394, 'hs20339', '$2a$10$sE1v3IU6609b6xXcUTJRiOAud42Ws6rORgW3uzuzAZvHgfswTqQvO', 'Hoàng Mỹ Giang', 'hs20339@school.edu.vn', '0334509989', 'Học sinh', NOW(), NULL),
(395, 'hs20340', '$2a$10$sE1v3IU6609b6xXcUTJRiOAud42Ws6rORgW3uzuzAZvHgfswTqQvO', 'Bùi Thị Phương', 'hs20340@school.edu.vn', '0323584834', 'Học sinh', NOW(), NULL),
(396, 'hs20341', '$2a$10$sE1v3IU6609b6xXcUTJRiOAud42Ws6rORgW3uzuzAZvHgfswTqQvO', 'Đỗ Hữu Tuấn', 'hs20341@school.edu.vn', '0395814522', 'Học sinh', NOW(), NULL),
(397, 'hs20342', '$2a$10$sE1v3IU6609b6xXcUTJRiOAud42Ws6rORgW3uzuzAZvHgfswTqQvO', 'Phan Hữu Thắng', 'hs20342@school.edu.vn', '0354844980', 'Học sinh', NOW(), NULL),
(398, 'hs20343', '$2a$10$sE1v3IU6609b6xXcUTJRiOAud42Ws6rORgW3uzuzAZvHgfswTqQvO', 'Nguyễn Hữu Dũng', 'hs20343@school.edu.vn', '0379828938', 'Học sinh', NOW(), NULL),
(399, 'hs20344', '$2a$10$sE1v3IU6609b6xXcUTJRiOAud42Ws6rORgW3uzuzAZvHgfswTqQvO', 'Hoàng Mỹ Ngọc', 'hs20344@school.edu.vn', '0396356065', 'Học sinh', NOW(), NULL),
(400, 'hs20345', '$2a$10$sE1v3IU6609b6xXcUTJRiOAud42Ws6rORgW3uzuzAZvHgfswTqQvO', 'Hồ Mỹ Mai', 'hs20345@school.edu.vn', '0397289999', 'Học sinh', NOW(), NULL),
(401, 'hs20346', '$2a$10$sE1v3IU6609b6xXcUTJRiOAud42Ws6rORgW3uzuzAZvHgfswTqQvO', 'Dương Mỹ Trang', 'hs20346@school.edu.vn', '0332754482', 'Học sinh', NOW(), NULL),
(402, 'hs20347', '$2a$10$sE1v3IU6609b6xXcUTJRiOAud42Ws6rORgW3uzuzAZvHgfswTqQvO', 'Bùi Văn Quân', 'hs20347@school.edu.vn', '0393020253', 'Học sinh', NOW(), NULL),
(403, 'hs20348', '$2a$10$sE1v3IU6609b6xXcUTJRiOAud42Ws6rORgW3uzuzAZvHgfswTqQvO', 'Ngô Hữu Minh', 'hs20348@school.edu.vn', '0343685825', 'Học sinh', NOW(), NULL),
(404, 'hs20349', '$2a$10$sE1v3IU6609b6xXcUTJRiOAud42Ws6rORgW3uzuzAZvHgfswTqQvO', 'Ngô Hữu Dũng', 'hs20349@school.edu.vn', '0394864092', 'Học sinh', NOW(), NULL),
(405, 'hs20350', '$2a$10$sE1v3IU6609b6xXcUTJRiOAud42Ws6rORgW3uzuzAZvHgfswTqQvO', 'Bùi Hữu Anh', 'hs20350@school.edu.vn', '0374766198', 'Học sinh', NOW(), NULL),
(406, 'hs20351', '$2a$10$sE1v3IU6609b6xXcUTJRiOAud42Ws6rORgW3uzuzAZvHgfswTqQvO', 'Đặng Thị Thảo', 'hs20351@school.edu.vn', '0327243522', 'Học sinh', NOW(), NULL),
(407, 'hs20352', '$2a$10$sE1v3IU6609b6xXcUTJRiOAud42Ws6rORgW3uzuzAZvHgfswTqQvO', 'Nguyễn Thị Hương', 'hs20352@school.edu.vn', '0310423703', 'Học sinh', NOW(), NULL),
(408, 'hs20353', '$2a$10$sE1v3IU6609b6xXcUTJRiOAud42Ws6rORgW3uzuzAZvHgfswTqQvO', 'Võ Hữu Hiếu', 'hs20353@school.edu.vn', '0360116948', 'Học sinh', NOW(), NULL),
(409, 'hs20354', '$2a$10$sE1v3IU6609b6xXcUTJRiOAud42Ws6rORgW3uzuzAZvHgfswTqQvO', 'Hồ Hữu Thắng', 'hs20354@school.edu.vn', '0395959291', 'Học sinh', NOW(), NULL),
(410, 'hs20355', '$2a$10$sE1v3IU6609b6xXcUTJRiOAud42Ws6rORgW3uzuzAZvHgfswTqQvO', 'Nguyễn Văn Thắng', 'hs20355@school.edu.vn', '0338146789', 'Học sinh', NOW(), NULL),
(411, 'hs20356', '$2a$10$sE1v3IU6609b6xXcUTJRiOAud42Ws6rORgW3uzuzAZvHgfswTqQvO', 'Phan Mỹ An', 'hs20356@school.edu.vn', '0322925235', 'Học sinh', NOW(), NULL),
(412, 'hs20357', '$2a$10$sE1v3IU6609b6xXcUTJRiOAud42Ws6rORgW3uzuzAZvHgfswTqQvO', 'Hoàng Thị Nga', 'hs20357@school.edu.vn', '0348578506', 'Học sinh', NOW(), NULL),
(413, 'hs20358', '$2a$10$sE1v3IU6609b6xXcUTJRiOAud42Ws6rORgW3uzuzAZvHgfswTqQvO', 'Bùi Thị Bình', 'hs20358@school.edu.vn', '0329085344', 'Học sinh', NOW(), NULL),
(414, 'hs20359', '$2a$10$sE1v3IU6609b6xXcUTJRiOAud42Ws6rORgW3uzuzAZvHgfswTqQvO', 'Hoàng Thị Hà', 'hs20359@school.edu.vn', '0365531211', 'Học sinh', NOW(), NULL),
(415, 'hs20360', '$2a$10$sE1v3IU6609b6xXcUTJRiOAud42Ws6rORgW3uzuzAZvHgfswTqQvO', 'Hồ Văn Phong', 'hs20360@school.edu.vn', '0353803562', 'Học sinh', NOW(), NULL),
(416, 'hs20361', '$2a$10$sE1v3IU6609b6xXcUTJRiOAud42Ws6rORgW3uzuzAZvHgfswTqQvO', 'Võ Thị Hương', 'hs20361@school.edu.vn', '0347955739', 'Học sinh', NOW(), NULL),
(417, 'hs20362', '$2a$10$sE1v3IU6609b6xXcUTJRiOAud42Ws6rORgW3uzuzAZvHgfswTqQvO', 'Phạm Thị Ngọc', 'hs20362@school.edu.vn', '0345218434', 'Học sinh', NOW(), NULL),
(418, 'hs20363', '$2a$10$sE1v3IU6609b6xXcUTJRiOAud42Ws6rORgW3uzuzAZvHgfswTqQvO', 'Trần Mỹ An', 'hs20363@school.edu.vn', '0364724307', 'Học sinh', NOW(), NULL),
(419, 'hs20364', '$2a$10$sE1v3IU6609b6xXcUTJRiOAud42Ws6rORgW3uzuzAZvHgfswTqQvO', 'Phan Hữu Thắng', 'hs20364@school.edu.vn', '0354103339', 'Học sinh', NOW(), NULL),
(420, 'hs20365', '$2a$10$sE1v3IU6609b6xXcUTJRiOAud42Ws6rORgW3uzuzAZvHgfswTqQvO', 'Võ Văn Long', 'hs20365@school.edu.vn', '0390158348', 'Học sinh', NOW(), NULL),
(421, 'hs20366', '$2a$10$sE1v3IU6609b6xXcUTJRiOAud42Ws6rORgW3uzuzAZvHgfswTqQvO', 'Huỳnh Hữu Long', 'hs20366@school.edu.vn', '0344130166', 'Học sinh', NOW(), NULL),
(422, 'hs20367', '$2a$10$sE1v3IU6609b6xXcUTJRiOAud42Ws6rORgW3uzuzAZvHgfswTqQvO', 'Dương Mỹ Phương', 'hs20367@school.edu.vn', '0353640903', 'Học sinh', NOW(), NULL),
(423, 'hs20368', '$2a$10$sE1v3IU6609b6xXcUTJRiOAud42Ws6rORgW3uzuzAZvHgfswTqQvO', 'Hoàng Hữu Cường', 'hs20368@school.edu.vn', '0323566779', 'Học sinh', NOW(), NULL),
(424, 'hs20369', '$2a$10$sE1v3IU6609b6xXcUTJRiOAud42Ws6rORgW3uzuzAZvHgfswTqQvO', 'Dương Hữu Thắng', 'hs20369@school.edu.vn', '0350774590', 'Học sinh', NOW(), NULL),
(425, 'hs20370', '$2a$10$sE1v3IU6609b6xXcUTJRiOAud42Ws6rORgW3uzuzAZvHgfswTqQvO', 'Huỳnh Văn Tuấn', 'hs20370@school.edu.vn', '0383210137', 'Học sinh', NOW(), NULL),
(426, 'hs20371', '$2a$10$sE1v3IU6609b6xXcUTJRiOAud42Ws6rORgW3uzuzAZvHgfswTqQvO', 'Đặng Văn Quân', 'hs20371@school.edu.vn', '0359805823', 'Học sinh', NOW(), NULL),
(427, 'hs20372', '$2a$10$sE1v3IU6609b6xXcUTJRiOAud42Ws6rORgW3uzuzAZvHgfswTqQvO', 'Nguyễn Thị Mai', 'hs20372@school.edu.vn', '0395958763', 'Học sinh', NOW(), NULL),
(428, 'hs20373', '$2a$10$sE1v3IU6609b6xXcUTJRiOAud42Ws6rORgW3uzuzAZvHgfswTqQvO', 'Bùi Hữu Quân', 'hs20373@school.edu.vn', '0356569609', 'Học sinh', NOW(), NULL),
(429, 'hs20374', '$2a$10$sE1v3IU6609b6xXcUTJRiOAud42Ws6rORgW3uzuzAZvHgfswTqQvO', 'Nguyễn Hữu Phong', 'hs20374@school.edu.vn', '0390476701', 'Học sinh', NOW(), NULL),
(430, 'hs20375', '$2a$10$sE1v3IU6609b6xXcUTJRiOAud42Ws6rORgW3uzuzAZvHgfswTqQvO', 'Phạm Văn Anh', 'hs20375@school.edu.vn', '0364475705', 'Học sinh', NOW(), NULL),
(431, 'hs20376', '$2a$10$sE1v3IU6609b6xXcUTJRiOAud42Ws6rORgW3uzuzAZvHgfswTqQvO', 'Ngô Hữu Sơn', 'hs20376@school.edu.vn', '0362493099', 'Học sinh', NOW(), NULL),
(432, 'hs20377', '$2a$10$sE1v3IU6609b6xXcUTJRiOAud42Ws6rORgW3uzuzAZvHgfswTqQvO', 'Ngô Mỹ Linh', 'hs20377@school.edu.vn', '0386185334', 'Học sinh', NOW(), NULL),
(433, 'hs20378', '$2a$10$sE1v3IU6609b6xXcUTJRiOAud42Ws6rORgW3uzuzAZvHgfswTqQvO', 'Hồ Mỹ Hà', 'hs20378@school.edu.vn', '0357545044', 'Học sinh', NOW(), NULL),
(434, 'hs20379', '$2a$10$sE1v3IU6609b6xXcUTJRiOAud42Ws6rORgW3uzuzAZvHgfswTqQvO', 'Đặng Thị Giang', 'hs20379@school.edu.vn', '0395195577', 'Học sinh', NOW(), NULL),
(435, 'hs20380', '$2a$10$sE1v3IU6609b6xXcUTJRiOAud42Ws6rORgW3uzuzAZvHgfswTqQvO', 'Hồ Văn Nam', 'hs20380@school.edu.vn', '0328243460', 'Học sinh', NOW(), NULL),
(436, 'hs20381', '$2a$10$sE1v3IU6609b6xXcUTJRiOAud42Ws6rORgW3uzuzAZvHgfswTqQvO', 'Dương Văn Phong', 'hs20381@school.edu.vn', '0370319744', 'Học sinh', NOW(), NULL),
(437, 'hs20382', '$2a$10$sE1v3IU6609b6xXcUTJRiOAud42Ws6rORgW3uzuzAZvHgfswTqQvO', 'Lê Mỹ Hà', 'hs20382@school.edu.vn', '0338109880', 'Học sinh', NOW(), NULL),
(438, 'hs20383', '$2a$10$sE1v3IU6609b6xXcUTJRiOAud42Ws6rORgW3uzuzAZvHgfswTqQvO', 'Nguyễn Văn Khánh', 'hs20383@school.edu.vn', '0374571168', 'Học sinh', NOW(), NULL),
(439, 'hs20384', '$2a$10$sE1v3IU6609b6xXcUTJRiOAud42Ws6rORgW3uzuzAZvHgfswTqQvO', 'Phan Văn Tuấn', 'hs20384@school.edu.vn', '0359354059', 'Học sinh', NOW(), NULL),
(440, 'hs20385', '$2a$10$sE1v3IU6609b6xXcUTJRiOAud42Ws6rORgW3uzuzAZvHgfswTqQvO', 'Hồ Thị Mai', 'hs20385@school.edu.vn', '0354305752', 'Học sinh', NOW(), NULL),
(441, 'hs20386', '$2a$10$sE1v3IU6609b6xXcUTJRiOAud42Ws6rORgW3uzuzAZvHgfswTqQvO', 'Hoàng Văn Huy', 'hs20386@school.edu.vn', '0345663985', 'Học sinh', NOW(), NULL),
(442, 'hs20387', '$2a$10$sE1v3IU6609b6xXcUTJRiOAud42Ws6rORgW3uzuzAZvHgfswTqQvO', 'Trần Hữu Nam', 'hs20387@school.edu.vn', '0312432589', 'Học sinh', NOW(), NULL),
(443, 'hs20388', '$2a$10$sE1v3IU6609b6xXcUTJRiOAud42Ws6rORgW3uzuzAZvHgfswTqQvO', 'Phạm Thị Thảo', 'hs20388@school.edu.vn', '0374246492', 'Học sinh', NOW(), NULL),
(444, 'hs20389', '$2a$10$sE1v3IU6609b6xXcUTJRiOAud42Ws6rORgW3uzuzAZvHgfswTqQvO', 'Đỗ Thị Chi', 'hs20389@school.edu.vn', '0360038134', 'Học sinh', NOW(), NULL),
(445, 'hs20390', '$2a$10$sE1v3IU6609b6xXcUTJRiOAud42Ws6rORgW3uzuzAZvHgfswTqQvO', 'Hồ Văn Việt', 'hs20390@school.edu.vn', '0345880352', 'Học sinh', NOW(), NULL),
(446, 'hs20391', '$2a$10$sE1v3IU6609b6xXcUTJRiOAud42Ws6rORgW3uzuzAZvHgfswTqQvO', 'Hồ Văn Cường', 'hs20391@school.edu.vn', '0324394048', 'Học sinh', NOW(), NULL),
(447, 'hs20392', '$2a$10$sE1v3IU6609b6xXcUTJRiOAud42Ws6rORgW3uzuzAZvHgfswTqQvO', 'Bùi Thị Chi', 'hs20392@school.edu.vn', '0377049465', 'Học sinh', NOW(), NULL),
(448, 'hs20393', '$2a$10$sE1v3IU6609b6xXcUTJRiOAud42Ws6rORgW3uzuzAZvHgfswTqQvO', 'Hồ Hữu Bảo', 'hs20393@school.edu.vn', '0350360204', 'Học sinh', NOW(), NULL),
(449, 'hs20394', '$2a$10$sE1v3IU6609b6xXcUTJRiOAud42Ws6rORgW3uzuzAZvHgfswTqQvO', 'Hoàng Mỹ Hương', 'hs20394@school.edu.vn', '0346460151', 'Học sinh', NOW(), NULL),
(450, 'hs20395', '$2a$10$sE1v3IU6609b6xXcUTJRiOAud42Ws6rORgW3uzuzAZvHgfswTqQvO', 'Hoàng Mỹ Dung', 'hs20395@school.edu.vn', '0334570403', 'Học sinh', NOW(), NULL),
(451, 'hs20396', '$2a$10$sE1v3IU6609b6xXcUTJRiOAud42Ws6rORgW3uzuzAZvHgfswTqQvO', 'Phan Mỹ Giang', 'hs20396@school.edu.vn', '0371343669', 'Học sinh', NOW(), NULL),
(452, 'hs20397', '$2a$10$sE1v3IU6609b6xXcUTJRiOAud42Ws6rORgW3uzuzAZvHgfswTqQvO', 'Đỗ Hữu Long', 'hs20397@school.edu.vn', '0396044776', 'Học sinh', NOW(), NULL),
(453, 'hs20398', '$2a$10$sE1v3IU6609b6xXcUTJRiOAud42Ws6rORgW3uzuzAZvHgfswTqQvO', 'Lê Hữu Hiếu', 'hs20398@school.edu.vn', '0339292543', 'Học sinh', NOW(), NULL),
(454, 'hs20399', '$2a$10$sE1v3IU6609b6xXcUTJRiOAud42Ws6rORgW3uzuzAZvHgfswTqQvO', 'Võ Văn Bảo', 'hs20399@school.edu.vn', '0387119443', 'Học sinh', NOW(), NULL),
(455, 'hs20400', '$2a$10$sE1v3IU6609b6xXcUTJRiOAud42Ws6rORgW3uzuzAZvHgfswTqQvO', 'Nguyễn Mỹ Quỳnh', 'hs20400@school.edu.vn', '0324288944', 'Học sinh', NOW(), NULL),
(456, 'hs20401', '$2a$10$sE1v3IU6609b6xXcUTJRiOAud42Ws6rORgW3uzuzAZvHgfswTqQvO', 'Dương Hữu Sơn', 'hs20401@school.edu.vn', '0353496709', 'Học sinh', NOW(), NULL),
(457, 'hs20402', '$2a$10$sE1v3IU6609b6xXcUTJRiOAud42Ws6rORgW3uzuzAZvHgfswTqQvO', 'Nguyễn Văn Long', 'hs20402@school.edu.vn', '0312071434', 'Học sinh', NOW(), NULL),
(458, 'hs20403', '$2a$10$sE1v3IU6609b6xXcUTJRiOAud42Ws6rORgW3uzuzAZvHgfswTqQvO', 'Võ Hữu Huy', 'hs20403@school.edu.vn', '0350168957', 'Học sinh', NOW(), NULL),
(459, 'hs20404', '$2a$10$sE1v3IU6609b6xXcUTJRiOAud42Ws6rORgW3uzuzAZvHgfswTqQvO', 'Đỗ Hữu Phong', 'hs20404@school.edu.vn', '0352950573', 'Học sinh', NOW(), NULL),
(460, 'hs20405', '$2a$10$sE1v3IU6609b6xXcUTJRiOAud42Ws6rORgW3uzuzAZvHgfswTqQvO', 'Lê Mỹ Thảo', 'hs20405@school.edu.vn', '0317927359', 'Học sinh', NOW(), NULL),
(461, 'hs20406', '$2a$10$sE1v3IU6609b6xXcUTJRiOAud42Ws6rORgW3uzuzAZvHgfswTqQvO', 'Hoàng Văn Anh', 'hs20406@school.edu.vn', '0340301228', 'Học sinh', NOW(), NULL),
(462, 'hs20407', '$2a$10$sE1v3IU6609b6xXcUTJRiOAud42Ws6rORgW3uzuzAZvHgfswTqQvO', 'Huỳnh Mỹ Nga', 'hs20407@school.edu.vn', '0312730699', 'Học sinh', NOW(), NULL),
(463, 'hs20408', '$2a$10$sE1v3IU6609b6xXcUTJRiOAud42Ws6rORgW3uzuzAZvHgfswTqQvO', 'Trần Thị Mai', 'hs20408@school.edu.vn', '0354578748', 'Học sinh', NOW(), NULL),
(464, 'hs20409', '$2a$10$sE1v3IU6609b6xXcUTJRiOAud42Ws6rORgW3uzuzAZvHgfswTqQvO', 'Nguyễn Mỹ Dung', 'hs20409@school.edu.vn', '0395305130', 'Học sinh', NOW(), NULL),
(465, 'hs20410', '$2a$10$sE1v3IU6609b6xXcUTJRiOAud42Ws6rORgW3uzuzAZvHgfswTqQvO', 'Đỗ Mỹ Bình', 'hs20410@school.edu.vn', '0378635854', 'Học sinh', NOW(), NULL),
(466, 'hs20411', '$2a$10$sE1v3IU6609b6xXcUTJRiOAud42Ws6rORgW3uzuzAZvHgfswTqQvO', 'Bùi Thị An', 'hs20411@school.edu.vn', '0328539363', 'Học sinh', NOW(), NULL),
(467, 'hs20412', '$2a$10$sE1v3IU6609b6xXcUTJRiOAud42Ws6rORgW3uzuzAZvHgfswTqQvO', 'Ngô Thị Mai', 'hs20412@school.edu.vn', '0317628911', 'Học sinh', NOW(), NULL),
(468, 'hs20413', '$2a$10$sE1v3IU6609b6xXcUTJRiOAud42Ws6rORgW3uzuzAZvHgfswTqQvO', 'Trần Hữu Anh', 'hs20413@school.edu.vn', '0368842894', 'Học sinh', NOW(), NULL),
(469, 'hs20414', '$2a$10$sE1v3IU6609b6xXcUTJRiOAud42Ws6rORgW3uzuzAZvHgfswTqQvO', 'Hồ Mỹ Trang', 'hs20414@school.edu.vn', '0364470109', 'Học sinh', NOW(), NULL),
(470, 'hs20415', '$2a$10$sE1v3IU6609b6xXcUTJRiOAud42Ws6rORgW3uzuzAZvHgfswTqQvO', 'Phan Hữu Sơn', 'hs20415@school.edu.vn', '0358258430', 'Học sinh', NOW(), NULL),
(471, 'hs20416', '$2a$10$sE1v3IU6609b6xXcUTJRiOAud42Ws6rORgW3uzuzAZvHgfswTqQvO', 'Đỗ Mỹ Mai', 'hs20416@school.edu.vn', '0368196482', 'Học sinh', NOW(), NULL),
(472, 'hs20417', '$2a$10$sE1v3IU6609b6xXcUTJRiOAud42Ws6rORgW3uzuzAZvHgfswTqQvO', 'Huỳnh Thị Dung', 'hs20417@school.edu.vn', '0335147244', 'Học sinh', NOW(), NULL),
(473, 'hs20418', '$2a$10$sE1v3IU6609b6xXcUTJRiOAud42Ws6rORgW3uzuzAZvHgfswTqQvO', 'Đặng Văn Thắng', 'hs20418@school.edu.vn', '0353068734', 'Học sinh', NOW(), NULL),
(474, 'hs20419', '$2a$10$sE1v3IU6609b6xXcUTJRiOAud42Ws6rORgW3uzuzAZvHgfswTqQvO', 'Phan Thị Hà', 'hs20419@school.edu.vn', '0345317388', 'Học sinh', NOW(), NULL),
(475, 'hs20420', '$2a$10$sE1v3IU6609b6xXcUTJRiOAud42Ws6rORgW3uzuzAZvHgfswTqQvO', 'Võ Hữu Tuấn', 'hs20420@school.edu.vn', '0337864710', 'Học sinh', NOW(), NULL),
(476, 'hs20421', '$2a$10$sE1v3IU6609b6xXcUTJRiOAud42Ws6rORgW3uzuzAZvHgfswTqQvO', 'Phan Mỹ Quỳnh', 'hs20421@school.edu.vn', '0351970365', 'Học sinh', NOW(), NULL),
(477, 'hs20422', '$2a$10$sE1v3IU6609b6xXcUTJRiOAud42Ws6rORgW3uzuzAZvHgfswTqQvO', 'Đặng Mỹ Dung', 'hs20422@school.edu.vn', '0338127416', 'Học sinh', NOW(), NULL),
(478, 'hs20423', '$2a$10$sE1v3IU6609b6xXcUTJRiOAud42Ws6rORgW3uzuzAZvHgfswTqQvO', 'Phạm Mỹ Lan', 'hs20423@school.edu.vn', '0324543383', 'Học sinh', NOW(), NULL),
(479, 'hs20424', '$2a$10$sE1v3IU6609b6xXcUTJRiOAud42Ws6rORgW3uzuzAZvHgfswTqQvO', 'Phan Hữu Bảo', 'hs20424@school.edu.vn', '0329381065', 'Học sinh', NOW(), NULL),
(480, 'hs20425', '$2a$10$sE1v3IU6609b6xXcUTJRiOAud42Ws6rORgW3uzuzAZvHgfswTqQvO', 'Đỗ Mỹ Nga', 'hs20425@school.edu.vn', '0352545654', 'Học sinh', NOW(), NULL),
(481, 'hs20426', '$2a$10$sE1v3IU6609b6xXcUTJRiOAud42Ws6rORgW3uzuzAZvHgfswTqQvO', 'Trần Văn Cường', 'hs20426@school.edu.vn', '0377310404', 'Học sinh', NOW(), NULL),
(482, 'hs20427', '$2a$10$sE1v3IU6609b6xXcUTJRiOAud42Ws6rORgW3uzuzAZvHgfswTqQvO', 'Nguyễn Văn Anh', 'hs20427@school.edu.vn', '0392608798', 'Học sinh', NOW(), NULL),
(483, 'hs20428', '$2a$10$sE1v3IU6609b6xXcUTJRiOAud42Ws6rORgW3uzuzAZvHgfswTqQvO', 'Dương Mỹ Thảo', 'hs20428@school.edu.vn', '0349621460', 'Học sinh', NOW(), NULL),
(484, 'hs20429', '$2a$10$sE1v3IU6609b6xXcUTJRiOAud42Ws6rORgW3uzuzAZvHgfswTqQvO', 'Đặng Văn Tuấn', 'hs20429@school.edu.vn', '0397653393', 'Học sinh', NOW(), NULL),
(485, 'hs20430', '$2a$10$sE1v3IU6609b6xXcUTJRiOAud42Ws6rORgW3uzuzAZvHgfswTqQvO', 'Trần Văn Bảo', 'hs20430@school.edu.vn', '0347418722', 'Học sinh', NOW(), NULL),
(486, 'hs20431', '$2a$10$sE1v3IU6609b6xXcUTJRiOAud42Ws6rORgW3uzuzAZvHgfswTqQvO', 'Nguyễn Thị Ngọc', 'hs20431@school.edu.vn', '0399599837', 'Học sinh', NOW(), NULL),
(487, 'hs20432', '$2a$10$sE1v3IU6609b6xXcUTJRiOAud42Ws6rORgW3uzuzAZvHgfswTqQvO', 'Võ Thị Thảo', 'hs20432@school.edu.vn', '0358798064', 'Học sinh', NOW(), NULL),
(488, 'hs20433', '$2a$10$sE1v3IU6609b6xXcUTJRiOAud42Ws6rORgW3uzuzAZvHgfswTqQvO', 'Bùi Hữu Tuấn', 'hs20433@school.edu.vn', '0366406729', 'Học sinh', NOW(), NULL),
(489, 'hs20434', '$2a$10$sE1v3IU6609b6xXcUTJRiOAud42Ws6rORgW3uzuzAZvHgfswTqQvO', 'Đặng Thị Lan', 'hs20434@school.edu.vn', '0314891432', 'Học sinh', NOW(), NULL),
(490, 'hs20435', '$2a$10$sE1v3IU6609b6xXcUTJRiOAud42Ws6rORgW3uzuzAZvHgfswTqQvO', 'Hoàng Mỹ Dung', 'hs20435@school.edu.vn', '0357122936', 'Học sinh', NOW(), NULL),
(491, 'hs20436', '$2a$10$sE1v3IU6609b6xXcUTJRiOAud42Ws6rORgW3uzuzAZvHgfswTqQvO', 'Phạm Văn Huy', 'hs20436@school.edu.vn', '0383039716', 'Học sinh', NOW(), NULL),
(492, 'hs20437', '$2a$10$sE1v3IU6609b6xXcUTJRiOAud42Ws6rORgW3uzuzAZvHgfswTqQvO', 'Trần Mỹ Thảo', 'hs20437@school.edu.vn', '0373673813', 'Học sinh', NOW(), NULL),
(493, 'hs20438', '$2a$10$sE1v3IU6609b6xXcUTJRiOAud42Ws6rORgW3uzuzAZvHgfswTqQvO', 'Huỳnh Văn Khánh', 'hs20438@school.edu.vn', '0360215267', 'Học sinh', NOW(), NULL),
(494, 'hs20439', '$2a$10$sE1v3IU6609b6xXcUTJRiOAud42Ws6rORgW3uzuzAZvHgfswTqQvO', 'Ngô Thị Mai', 'hs20439@school.edu.vn', '0367888483', 'Học sinh', NOW(), NULL),
(495, 'hs20440', '$2a$10$sE1v3IU6609b6xXcUTJRiOAud42Ws6rORgW3uzuzAZvHgfswTqQvO', 'Phạm Mỹ Thảo', 'hs20440@school.edu.vn', '0337575270', 'Học sinh', NOW(), NULL),
(496, 'hs20441', '$2a$10$sE1v3IU6609b6xXcUTJRiOAud42Ws6rORgW3uzuzAZvHgfswTqQvO', 'Trần Hữu Anh', 'hs20441@school.edu.vn', '0389462811', 'Học sinh', NOW(), NULL),
(497, 'hs20442', '$2a$10$sE1v3IU6609b6xXcUTJRiOAud42Ws6rORgW3uzuzAZvHgfswTqQvO', 'Phạm Hữu Việt', 'hs20442@school.edu.vn', '0321071640', 'Học sinh', NOW(), NULL),
(498, 'hs20443', '$2a$10$sE1v3IU6609b6xXcUTJRiOAud42Ws6rORgW3uzuzAZvHgfswTqQvO', 'Đỗ Thị Trang', 'hs20443@school.edu.vn', '0353388184', 'Học sinh', NOW(), NULL),
(499, 'hs20444', '$2a$10$sE1v3IU6609b6xXcUTJRiOAud42Ws6rORgW3uzuzAZvHgfswTqQvO', 'Ngô Thị Trang', 'hs20444@school.edu.vn', '0339508016', 'Học sinh', NOW(), NULL),
(500, 'hs20445', '$2a$10$sE1v3IU6609b6xXcUTJRiOAud42Ws6rORgW3uzuzAZvHgfswTqQvO', 'Hoàng Thị An', 'hs20445@school.edu.vn', '0331279637', 'Học sinh', NOW(), NULL),
(501, 'hs20446', '$2a$10$sE1v3IU6609b6xXcUTJRiOAud42Ws6rORgW3uzuzAZvHgfswTqQvO', 'Hoàng Hữu Anh', 'hs20446@school.edu.vn', '0352350785', 'Học sinh', NOW(), NULL),
(502, 'hs20447', '$2a$10$sE1v3IU6609b6xXcUTJRiOAud42Ws6rORgW3uzuzAZvHgfswTqQvO', 'Nguyễn Văn Quân', 'hs20447@school.edu.vn', '0355740556', 'Học sinh', NOW(), NULL),
(503, 'hs20448', '$2a$10$sE1v3IU6609b6xXcUTJRiOAud42Ws6rORgW3uzuzAZvHgfswTqQvO', 'Dương Mỹ Linh', 'hs20448@school.edu.vn', '0315311271', 'Học sinh', NOW(), NULL),
(504, 'hs20449', '$2a$10$sE1v3IU6609b6xXcUTJRiOAud42Ws6rORgW3uzuzAZvHgfswTqQvO', 'Lê Hữu Huy', 'hs20449@school.edu.vn', '0331034715', 'Học sinh', NOW(), NULL),
(505, 'hs20450', '$2a$10$sE1v3IU6609b6xXcUTJRiOAud42Ws6rORgW3uzuzAZvHgfswTqQvO', 'Phan Mỹ Bình', 'hs20450@school.edu.vn', '0353468936', 'Học sinh', NOW(), NULL),
(506, 'hs20451', '$2a$10$sE1v3IU6609b6xXcUTJRiOAud42Ws6rORgW3uzuzAZvHgfswTqQvO', 'Hoàng Thị Quỳnh', 'hs20451@school.edu.vn', '0352010877', 'Học sinh', NOW(), NULL),
(507, 'hs20452', '$2a$10$sE1v3IU6609b6xXcUTJRiOAud42Ws6rORgW3uzuzAZvHgfswTqQvO', 'Hoàng Thị Thảo', 'hs20452@school.edu.vn', '0327651587', 'Học sinh', NOW(), NULL),
(508, 'hs20453', '$2a$10$sE1v3IU6609b6xXcUTJRiOAud42Ws6rORgW3uzuzAZvHgfswTqQvO', 'Bùi Mỹ Phương', 'hs20453@school.edu.vn', '0374466550', 'Học sinh', NOW(), NULL),
(509, 'hs20454', '$2a$10$sE1v3IU6609b6xXcUTJRiOAud42Ws6rORgW3uzuzAZvHgfswTqQvO', 'Huỳnh Văn Dũng', 'hs20454@school.edu.vn', '0353244856', 'Học sinh', NOW(), NULL),
(510, 'hs20455', '$2a$10$sE1v3IU6609b6xXcUTJRiOAud42Ws6rORgW3uzuzAZvHgfswTqQvO', 'Ngô Mỹ Chi', 'hs20455@school.edu.vn', '0337017888', 'Học sinh', NOW(), NULL),
(511, 'hs20456', '$2a$10$sE1v3IU6609b6xXcUTJRiOAud42Ws6rORgW3uzuzAZvHgfswTqQvO', 'Trần Hữu Phong', 'hs20456@school.edu.vn', '0359822475', 'Học sinh', NOW(), NULL),
(512, 'hs20457', '$2a$10$sE1v3IU6609b6xXcUTJRiOAud42Ws6rORgW3uzuzAZvHgfswTqQvO', 'Ngô Văn Nam', 'hs20457@school.edu.vn', '0347800059', 'Học sinh', NOW(), NULL),
(513, 'hs20458', '$2a$10$sE1v3IU6609b6xXcUTJRiOAud42Ws6rORgW3uzuzAZvHgfswTqQvO', 'Đặng Mỹ Trang', 'hs20458@school.edu.vn', '0377287415', 'Học sinh', NOW(), NULL),
(514, 'hs20459', '$2a$10$sE1v3IU6609b6xXcUTJRiOAud42Ws6rORgW3uzuzAZvHgfswTqQvO', 'Phan Hữu Huy', 'hs20459@school.edu.vn', '0343918859', 'Học sinh', NOW(), NULL),
(515, 'hs20460', '$2a$10$sE1v3IU6609b6xXcUTJRiOAud42Ws6rORgW3uzuzAZvHgfswTqQvO', 'Nguyễn Hữu Khánh', 'hs20460@school.edu.vn', '0378237688', 'Học sinh', NOW(), NULL),
(516, 'hs20461', '$2a$10$sE1v3IU6609b6xXcUTJRiOAud42Ws6rORgW3uzuzAZvHgfswTqQvO', 'Phan Hữu Quân', 'hs20461@school.edu.vn', '0359276404', 'Học sinh', NOW(), NULL),
(517, 'hs20462', '$2a$10$sE1v3IU6609b6xXcUTJRiOAud42Ws6rORgW3uzuzAZvHgfswTqQvO', 'Đặng Mỹ Quỳnh', 'hs20462@school.edu.vn', '0365722391', 'Học sinh', NOW(), NULL),
(518, 'hs20463', '$2a$10$sE1v3IU6609b6xXcUTJRiOAud42Ws6rORgW3uzuzAZvHgfswTqQvO', 'Huỳnh Mỹ Thảo', 'hs20463@school.edu.vn', '0328454351', 'Học sinh', NOW(), NULL),
(519, 'hs20464', '$2a$10$sE1v3IU6609b6xXcUTJRiOAud42Ws6rORgW3uzuzAZvHgfswTqQvO', 'Huỳnh Văn Sơn', 'hs20464@school.edu.vn', '0323110737', 'Học sinh', NOW(), NULL),
(520, 'hs20465', '$2a$10$sE1v3IU6609b6xXcUTJRiOAud42Ws6rORgW3uzuzAZvHgfswTqQvO', 'Huỳnh Hữu Tuấn', 'hs20465@school.edu.vn', '0318881509', 'Học sinh', NOW(), NULL),
(521, 'hs20466', '$2a$10$sE1v3IU6609b6xXcUTJRiOAud42Ws6rORgW3uzuzAZvHgfswTqQvO', 'Võ Mỹ Mai', 'hs20466@school.edu.vn', '0324269910', 'Học sinh', NOW(), NULL),
(522, 'hs20467', '$2a$10$sE1v3IU6609b6xXcUTJRiOAud42Ws6rORgW3uzuzAZvHgfswTqQvO', 'Bùi Thị Mai', 'hs20467@school.edu.vn', '0386353597', 'Học sinh', NOW(), NULL),
(523, 'hs20468', '$2a$10$sE1v3IU6609b6xXcUTJRiOAud42Ws6rORgW3uzuzAZvHgfswTqQvO', 'Dương Mỹ Mai', 'hs20468@school.edu.vn', '0342296079', 'Học sinh', NOW(), NULL),
(524, 'hs20469', '$2a$10$sE1v3IU6609b6xXcUTJRiOAud42Ws6rORgW3uzuzAZvHgfswTqQvO', 'Võ Thị Quỳnh', 'hs20469@school.edu.vn', '0376854066', 'Học sinh', NOW(), NULL),
(525, 'hs20470', '$2a$10$sE1v3IU6609b6xXcUTJRiOAud42Ws6rORgW3uzuzAZvHgfswTqQvO', 'Hoàng Hữu Hiếu', 'hs20470@school.edu.vn', '0369501965', 'Học sinh', NOW(), NULL),
(526, 'hs20471', '$2a$10$sE1v3IU6609b6xXcUTJRiOAud42Ws6rORgW3uzuzAZvHgfswTqQvO', 'Nguyễn Văn Khánh', 'hs20471@school.edu.vn', '0359902793', 'Học sinh', NOW(), NULL),
(527, 'hs20472', '$2a$10$sE1v3IU6609b6xXcUTJRiOAud42Ws6rORgW3uzuzAZvHgfswTqQvO', 'Đỗ Hữu Hiếu', 'hs20472@school.edu.vn', '0399852012', 'Học sinh', NOW(), NULL),
(528, 'hs20473', '$2a$10$sE1v3IU6609b6xXcUTJRiOAud42Ws6rORgW3uzuzAZvHgfswTqQvO', 'Trần Hữu Phong', 'hs20473@school.edu.vn', '0342948358', 'Học sinh', NOW(), NULL),
(529, 'hs20474', '$2a$10$sE1v3IU6609b6xXcUTJRiOAud42Ws6rORgW3uzuzAZvHgfswTqQvO', 'Đặng Thị Thảo', 'hs20474@school.edu.vn', '0310108779', 'Học sinh', NOW(), NULL),
(530, 'hs20475', '$2a$10$sE1v3IU6609b6xXcUTJRiOAud42Ws6rORgW3uzuzAZvHgfswTqQvO', 'Trần Mỹ Lan', 'hs20475@school.edu.vn', '0312533250', 'Học sinh', NOW(), NULL),
(531, 'hs20476', '$2a$10$sE1v3IU6609b6xXcUTJRiOAud42Ws6rORgW3uzuzAZvHgfswTqQvO', 'Đỗ Văn Nam', 'hs20476@school.edu.vn', '0341879009', 'Học sinh', NOW(), NULL),
(532, 'hs20477', '$2a$10$sE1v3IU6609b6xXcUTJRiOAud42Ws6rORgW3uzuzAZvHgfswTqQvO', 'Hồ Hữu Anh', 'hs20477@school.edu.vn', '0348141523', 'Học sinh', NOW(), NULL),
(533, 'hs20478', '$2a$10$sE1v3IU6609b6xXcUTJRiOAud42Ws6rORgW3uzuzAZvHgfswTqQvO', 'Đỗ Thị Nga', 'hs20478@school.edu.vn', '0385523927', 'Học sinh', NOW(), NULL),
(534, 'hs20479', '$2a$10$sE1v3IU6609b6xXcUTJRiOAud42Ws6rORgW3uzuzAZvHgfswTqQvO', 'Nguyễn Văn Hiếu', 'hs20479@school.edu.vn', '0341549583', 'Học sinh', NOW(), NULL),
(535, 'hs20480', '$2a$10$sE1v3IU6609b6xXcUTJRiOAud42Ws6rORgW3uzuzAZvHgfswTqQvO', 'Phạm Thị Hà', 'hs20480@school.edu.vn', '0318032557', 'Học sinh', NOW(), NULL),
(536, 'hs20481', '$2a$10$sE1v3IU6609b6xXcUTJRiOAud42Ws6rORgW3uzuzAZvHgfswTqQvO', 'Trần Văn Hiếu', 'hs20481@school.edu.vn', '0399142683', 'Học sinh', NOW(), NULL),
(537, 'hs20482', '$2a$10$sE1v3IU6609b6xXcUTJRiOAud42Ws6rORgW3uzuzAZvHgfswTqQvO', 'Đỗ Thị Nga', 'hs20482@school.edu.vn', '0399399183', 'Học sinh', NOW(), NULL),
(538, 'hs20483', '$2a$10$sE1v3IU6609b6xXcUTJRiOAud42Ws6rORgW3uzuzAZvHgfswTqQvO', 'Trần Hữu Thắng', 'hs20483@school.edu.vn', '0316357482', 'Học sinh', NOW(), NULL),
(539, 'hs20484', '$2a$10$sE1v3IU6609b6xXcUTJRiOAud42Ws6rORgW3uzuzAZvHgfswTqQvO', 'Hồ Hữu Nam', 'hs20484@school.edu.vn', '0313529748', 'Học sinh', NOW(), NULL),
(540, 'hs20485', '$2a$10$sE1v3IU6609b6xXcUTJRiOAud42Ws6rORgW3uzuzAZvHgfswTqQvO', 'Ngô Mỹ Lan', 'hs20485@school.edu.vn', '0310874328', 'Học sinh', NOW(), NULL),
(541, 'hs20486', '$2a$10$sE1v3IU6609b6xXcUTJRiOAud42Ws6rORgW3uzuzAZvHgfswTqQvO', 'Huỳnh Văn Huy', 'hs20486@school.edu.vn', '0362894949', 'Học sinh', NOW(), NULL),
(542, 'hs20487', '$2a$10$sE1v3IU6609b6xXcUTJRiOAud42Ws6rORgW3uzuzAZvHgfswTqQvO', 'Phan Văn Tuấn', 'hs20487@school.edu.vn', '0346500933', 'Học sinh', NOW(), NULL),
(543, 'hs20488', '$2a$10$sE1v3IU6609b6xXcUTJRiOAud42Ws6rORgW3uzuzAZvHgfswTqQvO', 'Bùi Mỹ Hà', 'hs20488@school.edu.vn', '0349401970', 'Học sinh', NOW(), NULL),
(544, 'hs20489', '$2a$10$sE1v3IU6609b6xXcUTJRiOAud42Ws6rORgW3uzuzAZvHgfswTqQvO', 'Lê Thị Hương', 'hs20489@school.edu.vn', '0371433561', 'Học sinh', NOW(), NULL),
(545, 'hs20490', '$2a$10$sE1v3IU6609b6xXcUTJRiOAud42Ws6rORgW3uzuzAZvHgfswTqQvO', 'Lê Văn Bảo', 'hs20490@school.edu.vn', '0334616098', 'Học sinh', NOW(), NULL),
(546, 'hs20491', '$2a$10$sE1v3IU6609b6xXcUTJRiOAud42Ws6rORgW3uzuzAZvHgfswTqQvO', 'Bùi Thị Giang', 'hs20491@school.edu.vn', '0361468193', 'Học sinh', NOW(), NULL),
(547, 'hs20492', '$2a$10$sE1v3IU6609b6xXcUTJRiOAud42Ws6rORgW3uzuzAZvHgfswTqQvO', 'Dương Văn Nam', 'hs20492@school.edu.vn', '0368988471', 'Học sinh', NOW(), NULL),
(548, 'hs20493', '$2a$10$sE1v3IU6609b6xXcUTJRiOAud42Ws6rORgW3uzuzAZvHgfswTqQvO', 'Trần Mỹ Lan', 'hs20493@school.edu.vn', '0392784811', 'Học sinh', NOW(), NULL),
(549, 'hs20494', '$2a$10$sE1v3IU6609b6xXcUTJRiOAud42Ws6rORgW3uzuzAZvHgfswTqQvO', 'Bùi Mỹ Phương', 'hs20494@school.edu.vn', '0361996263', 'Học sinh', NOW(), NULL),
(550, 'hs20495', '$2a$10$sE1v3IU6609b6xXcUTJRiOAud42Ws6rORgW3uzuzAZvHgfswTqQvO', 'Hồ Văn Việt', 'hs20495@school.edu.vn', '0385793863', 'Học sinh', NOW(), NULL),
(551, 'hs20496', '$2a$10$sE1v3IU6609b6xXcUTJRiOAud42Ws6rORgW3uzuzAZvHgfswTqQvO', 'Dương Hữu Minh', 'hs20496@school.edu.vn', '0352601090', 'Học sinh', NOW(), NULL),
(552, 'hs20497', '$2a$10$sE1v3IU6609b6xXcUTJRiOAud42Ws6rORgW3uzuzAZvHgfswTqQvO', 'Bùi Hữu Anh', 'hs20497@school.edu.vn', '0398862477', 'Học sinh', NOW(), NULL),
(553, 'hs20498', '$2a$10$sE1v3IU6609b6xXcUTJRiOAud42Ws6rORgW3uzuzAZvHgfswTqQvO', 'Phan Thị Giang', 'hs20498@school.edu.vn', '0318973653', 'Học sinh', NOW(), NULL),
(554, 'hs20499', '$2a$10$sE1v3IU6609b6xXcUTJRiOAud42Ws6rORgW3uzuzAZvHgfswTqQvO', 'Nguyễn Mỹ Trang', 'hs20499@school.edu.vn', '0365787401', 'Học sinh', NOW(), NULL),
(555, 'hs20500', '$2a$10$sE1v3IU6609b6xXcUTJRiOAud42Ws6rORgW3uzuzAZvHgfswTqQvO', 'Hoàng Văn Minh', 'hs20500@school.edu.vn', '0332960420', 'Học sinh', NOW(), NULL);

-- Data for table: teachers
INSERT INTO teachers (TeacherID, UserID, TeacherCode, Department, HireDate, DepartmentID) VALUES
(1, 6, 'GV1001', 'Kỹ thuật phần mềm', '2019-04-03', 3),
(2, 7, 'GV1002', 'Khoa học máy tính', '2020-08-07', 1),
(3, 8, 'GV1003', 'Hệ thống thông tin', '2019-10-22', 4),
(4, 9, 'GV1004', 'Kỹ thuật phần mềm', '2022-01-20', 3),
(5, 10, 'GV1005', 'Ngoại ngữ', '2022-02-02', 6),
(6, 11, 'GV1006', 'Kỹ thuật phần mềm', '2019-02-09', 3),
(7, 12, 'GV1007', 'Kỹ thuật phần mềm', '2016-07-24', 3),
(8, 13, 'GV1008', 'Quản trị kinh doanh', '2020-01-27', 5),
(9, 14, 'GV1009', 'Quản trị kinh doanh', '2024-06-08', 5),
(10, 15, 'GV1010', 'Khoa học máy tính', '2022-03-30', 1),
(11, 16, 'GV1011', 'An Toàn Thông Tin', '2022-06-29', 2),
(12, 17, 'GV1012', 'An Toàn Thông Tin', '2021-11-13', 2),
(13, 18, 'GV1013', 'An Toàn Thông Tin', '2016-03-16', 2),
(14, 19, 'GV1014', 'Hệ thống thông tin', '2024-06-10', 4),
(15, 20, 'GV1015', 'An Toàn Thông Tin', '2017-04-14', 2),
(16, 21, 'GV1016', 'An Toàn Thông Tin', '2019-10-10', 2),
(17, 22, 'GV1017', 'Quản trị kinh doanh', '2018-12-18', 5),
(18, 23, 'GV1018', 'Kỹ thuật phần mềm', '2018-10-16', 3),
(19, 24, 'GV1019', 'Khoa học máy tính', '2017-06-19', 1),
(20, 25, 'GV1020', 'Kỹ thuật phần mềm', '2016-12-17', 3),
(21, 26, 'GV1021', 'Hệ thống thông tin', '2023-10-08', 4),
(22, 27, 'GV1022', 'An Toàn Thông Tin', '2017-10-10', 2),
(23, 28, 'GV1023', 'Kỹ thuật phần mềm', '2015-11-28', 3),
(24, 29, 'GV1024', 'Hệ thống thông tin', '2024-02-24', 4),
(25, 30, 'GV1025', 'Kỹ thuật phần mềm', '2024-06-24', 3),
(26, 31, 'GV1026', 'Khoa học máy tính', '2020-09-28', 1),
(27, 32, 'GV1027', 'Hệ thống thông tin', '2022-12-15', 4),
(28, 33, 'GV1028', 'Kỹ thuật phần mềm', '2021-01-18', 3),
(29, 34, 'GV1029', 'Kỹ thuật phần mềm', '2019-02-24', 3),
(30, 35, 'GV1030', 'Ngoại ngữ', '2024-05-08', 6),
(31, 36, 'GV1031', 'Ngoại ngữ', '2018-03-30', 6),
(32, 37, 'GV1032', 'Kỹ thuật phần mềm', '2021-06-24', 3),
(33, 38, 'GV1033', 'Kỹ thuật phần mềm', '2022-07-19', 3),
(34, 39, 'GV1034', 'Ngoại ngữ', '2021-03-11', 6),
(35, 40, 'GV1035', 'Quản trị kinh doanh', '2015-12-16', 5),
(36, 41, 'GV1036', 'Quản trị kinh doanh', '2015-12-21', 5),
(37, 42, 'GV1037', 'An Toàn Thông Tin', '2019-08-01', 2),
(38, 43, 'GV1038', 'Kỹ thuật phần mềm', '2019-11-04', 3),
(39, 44, 'GV1039', 'Hệ thống thông tin', '2023-01-30', 4),
(40, 45, 'GV1040', 'Ngoại ngữ', '2019-11-22', 6),
(41, 46, 'GV1041', 'Quản trị kinh doanh', '2020-02-26', 5),
(42, 47, 'GV1042', 'Quản trị kinh doanh', '2016-09-07', 5),
(43, 48, 'GV1043', 'Hệ thống thông tin', '2016-11-18', 4),
(44, 49, 'GV1044', 'An Toàn Thông Tin', '2023-02-17', 2),
(45, 50, 'GV1045', 'An Toàn Thông Tin', '2024-01-01', 2),
(46, 51, 'GV1046', 'Kỹ thuật phần mềm', '2022-08-25', 3),
(47, 52, 'GV1047', 'Hệ thống thông tin', '2016-11-25', 4),
(48, 53, 'GV1048', 'Khoa học máy tính', '2019-06-29', 1),
(49, 54, 'GV1049', 'Ngoại ngữ', '2016-05-26', 6),
(50, 55, 'GV1050', 'Quản trị kinh doanh', '2022-08-24', 5);

-- Data for table: students
INSERT INTO students (StudentID, UserID, StudentCode, DateOfBirth, Major, EnrollmentDate, DepartmentID) VALUES
(1, 56, 'HS20001', '2005-12-14', 'An Toàn Thông Tin', '2024-12-31', 2),
(2, 57, 'HS20002', '2007-08-10', 'An Toàn Thông Tin', '2025-03-15', 2),
(3, 58, 'HS20003', '2006-12-10', 'An Toàn Thông Tin', '2025-03-14', 2),
(4, 59, 'HS20004', '2004-05-02', 'Khoa học máy tính', '2023-07-22', 1),
(5, 60, 'HS20005', '2007-06-13', 'Khoa học máy tính', '2025-03-10', 1),
(6, 61, 'HS20006', '2006-12-31', 'Quản trị kinh doanh', '2024-10-04', 5),
(7, 62, 'HS20007', '2005-11-28', 'Kỹ thuật phần mềm', '2023-10-18', 3),
(8, 63, 'HS20008', '2007-07-22', 'Kỹ thuật phần mềm', '2022-04-15', 3),
(9, 64, 'HS20009', '2005-05-29', 'Hệ thống thông tin', '2022-01-10', 4),
(10, 65, 'HS20010', '2004-01-24', 'Hệ thống thông tin', '2021-08-28', 4),
(11, 66, 'HS20011', '2003-09-09', 'Ngoại ngữ', '2023-01-01', 6),
(12, 67, 'HS20012', '2006-12-21', 'Hệ thống thông tin', '2024-02-18', 4),
(13, 68, 'HS20013', '2006-09-07', 'Kỹ thuật phần mềm', '2025-07-17', 3),
(14, 69, 'HS20014', '2005-11-23', 'Quản trị kinh doanh', '2022-05-27', 5),
(15, 70, 'HS20015', '2007-08-24', 'Hệ thống thông tin', '2023-12-01', 4),
(16, 71, 'HS20016', '2006-01-15', 'Quản trị kinh doanh', '2023-08-09', 5),
(17, 72, 'HS20017', '2006-06-19', 'An Toàn Thông Tin', '2025-05-11', 2),
(18, 73, 'HS20018', '2007-06-10', 'Hệ thống thông tin', '2024-04-20', 4),
(19, 74, 'HS20019', '2004-11-17', 'Khoa học máy tính', '2023-06-11', 1),
(20, 75, 'HS20020', '2006-09-14', 'An Toàn Thông Tin', '2023-12-20', 2),
(21, 76, 'HS20021', '2004-01-17', 'Hệ thống thông tin', '2025-01-07', 4),
(22, 77, 'HS20022', '2005-03-12', 'Khoa học máy tính', '2024-12-06', 1),
(23, 78, 'HS20023', '2006-08-29', 'An Toàn Thông Tin', '2021-12-05', 2),
(24, 79, 'HS20024', '2007-06-02', 'Ngoại ngữ', '2024-05-22', 6),
(25, 80, 'HS20025', '2006-11-26', 'Kỹ thuật phần mềm', '2025-04-13', 3),
(26, 81, 'HS20026', '2007-07-19', 'Ngoại ngữ', '2024-11-22', 6),
(27, 82, 'HS20027', '2007-05-01', 'Ngoại ngữ', '2023-10-02', 6),
(28, 83, 'HS20028', '2006-11-03', 'An Toàn Thông Tin', '2023-11-08', 2),
(29, 84, 'HS20029', '2005-11-25', 'Ngoại ngữ', '2024-07-14', 6),
(30, 85, 'HS20030', '2006-03-15', 'Khoa học máy tính', '2024-04-08', 1),
(31, 86, 'HS20031', '2005-09-28', 'Ngoại ngữ', '2023-01-16', 6),
(32, 87, 'HS20032', '2005-03-16', 'Khoa học máy tính', '2022-01-11', 1),
(33, 88, 'HS20033', '2005-01-05', 'Kỹ thuật phần mềm', '2021-10-08', 3),
(34, 89, 'HS20034', '2004-11-05', 'Khoa học máy tính', '2021-09-25', 1),
(35, 90, 'HS20035', '2007-07-19', 'Hệ thống thông tin', '2023-12-04', 4),
(36, 91, 'HS20036', '2005-03-08', 'Ngoại ngữ', '2024-02-09', 6),
(37, 92, 'HS20037', '2005-10-30', 'Quản trị kinh doanh', '2024-03-18', 5),
(38, 93, 'HS20038', '2006-05-28', 'Quản trị kinh doanh', '2023-03-24', 5),
(39, 94, 'HS20039', '2007-04-08', 'Hệ thống thông tin', '2025-07-25', 4),
(40, 95, 'HS20040', '2007-07-26', 'Quản trị kinh doanh', '2024-07-22', 5),
(41, 96, 'HS20041', '2004-05-05', 'An Toàn Thông Tin', '2025-08-26', 2),
(42, 97, 'HS20042', '2004-02-04', 'Ngoại ngữ', '2022-04-17', 6),
(43, 98, 'HS20043', '2007-02-05', 'Khoa học máy tính', '2024-01-08', 1),
(44, 99, 'HS20044', '2004-02-16', 'Hệ thống thông tin', '2022-08-23', 4),
(45, 100, 'HS20045', '2005-06-01', 'An Toàn Thông Tin', '2022-06-24', 2),
(46, 101, 'HS20046', '2005-03-24', 'Quản trị kinh doanh', '2022-03-08', 5),
(47, 102, 'HS20047', '2005-02-22', 'Khoa học máy tính', '2024-11-24', 1),
(48, 103, 'HS20048', '2003-11-01', 'An Toàn Thông Tin', '2023-10-22', 2),
(49, 104, 'HS20049', '2006-04-28', 'Khoa học máy tính', '2022-07-25', 1),
(50, 105, 'HS20050', '2004-04-21', 'Kỹ thuật phần mềm', '2024-04-22', 3),
(51, 106, 'HS20051', '2004-03-18', 'Quản trị kinh doanh', '2023-09-20', 5),
(52, 107, 'HS20052', '2006-05-28', 'Khoa học máy tính', '2022-11-22', 1),
(53, 108, 'HS20053', '2005-08-13', 'An Toàn Thông Tin', '2024-05-21', 2),
(54, 109, 'HS20054', '2006-03-27', 'Quản trị kinh doanh', '2023-08-02', 5),
(55, 110, 'HS20055', '2003-11-13', 'Ngoại ngữ', '2023-09-15', 6),
(56, 111, 'HS20056', '2005-05-21', 'An Toàn Thông Tin', '2024-11-05', 2),
(57, 112, 'HS20057', '2005-05-10', 'Ngoại ngữ', '2023-07-11', 6),
(58, 113, 'HS20058', '2006-01-15', 'Hệ thống thông tin', '2023-05-23', 4),
(59, 114, 'HS20059', '2004-01-12', 'Kỹ thuật phần mềm', '2024-04-28', 3),
(60, 115, 'HS20060', '2004-04-26', 'Kỹ thuật phần mềm', '2024-04-24', 3),
(61, 116, 'HS20061', '2006-09-14', 'Khoa học máy tính', '2024-08-20', 1),
(62, 117, 'HS20062', '2004-10-12', 'Quản trị kinh doanh', '2023-04-01', 5),
(63, 118, 'HS20063', '2005-10-06', 'Kỹ thuật phần mềm', '2021-12-07', 3),
(64, 119, 'HS20064', '2004-05-22', 'Khoa học máy tính', '2024-07-21', 1),
(65, 120, 'HS20065', '2004-03-05', 'Hệ thống thông tin', '2021-10-10', 4),
(66, 121, 'HS20066', '2005-07-17', 'Quản trị kinh doanh', '2025-01-18', 5),
(67, 122, 'HS20067', '2007-04-21', 'Ngoại ngữ', '2025-06-21', 6),
(68, 123, 'HS20068', '2005-08-13', 'Hệ thống thông tin', '2024-05-11', 4),
(69, 124, 'HS20069', '2004-10-15', 'Kỹ thuật phần mềm', '2021-09-07', 3),
(70, 125, 'HS20070', '2004-08-19', 'An Toàn Thông Tin', '2022-05-26', 2),
(71, 126, 'HS20071', '2004-07-17', 'Quản trị kinh doanh', '2022-10-29', 5),
(72, 127, 'HS20072', '2004-01-03', 'Quản trị kinh doanh', '2022-06-29', 5),
(73, 128, 'HS20073', '2006-07-23', 'Kỹ thuật phần mềm', '2024-02-21', 3),
(74, 129, 'HS20074', '2006-09-02', 'Kỹ thuật phần mềm', '2025-07-18', 3),
(75, 130, 'HS20075', '2006-11-17', 'Quản trị kinh doanh', '2022-01-23', 5),
(76, 131, 'HS20076', '2006-10-13', 'Kỹ thuật phần mềm', '2023-07-07', 3),
(77, 132, 'HS20077', '2005-02-10', 'Khoa học máy tính', '2024-08-10', 1),
(78, 133, 'HS20078', '2007-01-21', 'Ngoại ngữ', '2023-02-09', 6),
(79, 134, 'HS20079', '2004-01-07', 'Quản trị kinh doanh', '2023-10-28', 5),
(80, 135, 'HS20080', '2004-08-11', 'Ngoại ngữ', '2023-06-23', 6),
(81, 136, 'HS20081', '2005-04-11', 'Khoa học máy tính', '2024-11-05', 1),
(82, 137, 'HS20082', '2007-08-26', 'Quản trị kinh doanh', '2024-04-28', 5),
(83, 138, 'HS20083', '2004-03-26', 'Khoa học máy tính', '2021-11-27', 1),
(84, 139, 'HS20084', '2004-03-21', 'Khoa học máy tính', '2024-08-17', 1),
(85, 140, 'HS20085', '2007-07-07', 'Quản trị kinh doanh', '2022-03-24', 5),
(86, 141, 'HS20086', '2004-12-10', 'Hệ thống thông tin', '2025-01-15', 4),
(87, 142, 'HS20087', '2005-08-30', 'Khoa học máy tính', '2025-03-24', 1),
(88, 143, 'HS20088', '2005-04-08', 'Kỹ thuật phần mềm', '2021-09-03', 3),
(89, 144, 'HS20089', '2007-01-14', 'Hệ thống thông tin', '2025-04-17', 4),
(90, 145, 'HS20090', '2007-04-16', 'Khoa học máy tính', '2022-01-01', 1),
(91, 146, 'HS20091', '2004-09-10', 'Quản trị kinh doanh', '2025-08-09', 5),
(92, 147, 'HS20092', '2006-06-17', 'An Toàn Thông Tin', '2023-05-13', 2),
(93, 148, 'HS20093', '2004-11-06', 'An Toàn Thông Tin', '2025-08-12', 2),
(94, 149, 'HS20094', '2004-02-22', 'Hệ thống thông tin', '2022-09-04', 4),
(95, 150, 'HS20095', '2006-06-27', 'Kỹ thuật phần mềm', '2021-08-28', 3),
(96, 151, 'HS20096', '2005-10-18', 'An Toàn Thông Tin', '2025-02-13', 2),
(97, 152, 'HS20097', '2004-03-16', 'Kỹ thuật phần mềm', '2022-09-19', 3),
(98, 153, 'HS20098', '2004-12-29', 'Hệ thống thông tin', '2025-06-08', 4),
(99, 154, 'HS20099', '2004-02-24', 'Hệ thống thông tin', '2021-10-15', 4),
(100, 155, 'HS20100', '2004-07-20', 'Kỹ thuật phần mềm', '2024-12-02', 3),
(101, 156, 'HS20101', '2005-03-18', 'Hệ thống thông tin', '2022-08-24', 4),
(102, 157, 'HS20102', '2006-08-11', 'Hệ thống thông tin', '2023-05-25', 4),
(103, 158, 'HS20103', '2004-02-06', 'Hệ thống thông tin', '2022-09-02', 4),
(104, 159, 'HS20104', '2006-05-25', 'Kỹ thuật phần mềm', '2024-04-19', 3),
(105, 160, 'HS20105', '2006-08-13', 'Quản trị kinh doanh', '2023-06-04', 5),
(106, 161, 'HS20106', '2007-02-05', 'An Toàn Thông Tin', '2023-09-21', 2),
(107, 162, 'HS20107', '2005-11-14', 'Quản trị kinh doanh', '2024-04-18', 5),
(108, 163, 'HS20108', '2003-11-01', 'An Toàn Thông Tin', '2025-08-16', 2),
(109, 164, 'HS20109', '2006-08-17', 'Quản trị kinh doanh', '2023-11-09', 5),
(110, 165, 'HS20110', '2006-12-04', 'Khoa học máy tính', '2021-10-20', 1),
(111, 166, 'HS20111', '2006-02-06', 'Khoa học máy tính', '2022-08-12', 1),
(112, 167, 'HS20112', '2005-07-27', 'Hệ thống thông tin', '2022-03-21', 4),
(113, 168, 'HS20113', '2005-10-19', 'An Toàn Thông Tin', '2023-04-10', 2),
(114, 169, 'HS20114', '2006-04-24', 'Kỹ thuật phần mềm', '2023-05-19', 3),
(115, 170, 'HS20115', '2006-05-06', 'Hệ thống thông tin', '2021-09-29', 4),
(116, 171, 'HS20116', '2003-11-14', 'Kỹ thuật phần mềm', '2021-10-15', 3),
(117, 172, 'HS20117', '2004-03-03', 'Quản trị kinh doanh', '2021-10-24', 5),
(118, 173, 'HS20118', '2004-11-25', 'Kỹ thuật phần mềm', '2024-08-17', 3),
(119, 174, 'HS20119', '2005-08-08', 'Kỹ thuật phần mềm', '2021-08-28', 3),
(120, 175, 'HS20120', '2004-11-24', 'Kỹ thuật phần mềm', '2024-05-12', 3),
(121, 176, 'HS20121', '2005-02-23', 'Quản trị kinh doanh', '2023-03-04', 5),
(122, 177, 'HS20122', '2006-04-05', 'Hệ thống thông tin', '2023-12-10', 4),
(123, 178, 'HS20123', '2004-12-31', 'Khoa học máy tính', '2022-03-11', 1),
(124, 179, 'HS20124', '2006-10-02', 'Hệ thống thông tin', '2024-07-15', 4),
(125, 180, 'HS20125', '2005-07-10', 'Kỹ thuật phần mềm', '2023-10-23', 3),
(126, 181, 'HS20126', '2005-04-10', 'Ngoại ngữ', '2023-10-20', 6),
(127, 182, 'HS20127', '2004-04-06', 'Hệ thống thông tin', '2023-07-25', 4),
(128, 183, 'HS20128', '2007-08-15', 'An Toàn Thông Tin', '2022-10-07', 2),
(129, 184, 'HS20129', '2007-04-07', 'Hệ thống thông tin', '2022-12-25', 4),
(130, 185, 'HS20130', '2007-03-02', 'Kỹ thuật phần mềm', '2023-08-03', 3),
(131, 186, 'HS20131', '2006-06-11', 'Ngoại ngữ', '2024-06-16', 6),
(132, 187, 'HS20132', '2006-04-26', 'Kỹ thuật phần mềm', '2024-09-06', 3),
(133, 188, 'HS20133', '2004-01-18', 'Kỹ thuật phần mềm', '2023-11-03', 3),
(134, 189, 'HS20134', '2004-04-15', 'An Toàn Thông Tin', '2022-01-30', 2),
(135, 190, 'HS20135', '2007-01-28', 'Kỹ thuật phần mềm', '2024-12-24', 3),
(136, 191, 'HS20136', '2006-10-26', 'Ngoại ngữ', '2023-09-19', 6),
(137, 192, 'HS20137', '2005-06-24', 'Kỹ thuật phần mềm', '2022-11-17', 3),
(138, 193, 'HS20138', '2004-06-10', 'Kỹ thuật phần mềm', '2021-12-02', 3),
(139, 194, 'HS20139', '2004-12-26', 'Quản trị kinh doanh', '2023-09-26', 5),
(140, 195, 'HS20140', '2005-10-25', 'Hệ thống thông tin', '2024-09-17', 4),
(141, 196, 'HS20141', '2007-04-25', 'Khoa học máy tính', '2022-03-22', 1),
(142, 197, 'HS20142', '2005-10-08', 'Quản trị kinh doanh', '2025-02-26', 5),
(143, 198, 'HS20143', '2007-05-11', 'An Toàn Thông Tin', '2025-07-01', 2),
(144, 199, 'HS20144', '2004-10-10', 'Kỹ thuật phần mềm', '2024-11-19', 3),
(145, 200, 'HS20145', '2004-03-04', 'Hệ thống thông tin', '2024-01-11', 4),
(146, 201, 'HS20146', '2007-08-13', 'An Toàn Thông Tin', '2025-05-21', 2),
(147, 202, 'HS20147', '2007-05-28', 'Khoa học máy tính', '2024-08-10', 1),
(148, 203, 'HS20148', '2004-07-09', 'Ngoại ngữ', '2023-05-23', 6),
(149, 204, 'HS20149', '2004-09-22', 'Kỹ thuật phần mềm', '2023-05-13', 3),
(150, 205, 'HS20150', '2005-12-16', 'Khoa học máy tính', '2025-02-28', 1),
(151, 206, 'HS20151', '2004-12-10', 'Hệ thống thông tin', '2024-03-12', 4),
(152, 207, 'HS20152', '2003-11-22', 'Khoa học máy tính', '2023-10-19', 1),
(153, 208, 'HS20153', '2005-10-30', 'Hệ thống thông tin', '2024-04-14', 4),
(154, 209, 'HS20154', '2006-08-04', 'An Toàn Thông Tin', '2021-09-28', 2),
(155, 210, 'HS20155', '2007-04-27', 'Kỹ thuật phần mềm', '2022-08-02', 3),
(156, 211, 'HS20156', '2003-10-13', 'Ngoại ngữ', '2025-01-25', 6),
(157, 212, 'HS20157', '2005-07-04', 'Ngoại ngữ', '2023-09-25', 6),
(158, 213, 'HS20158', '2005-03-09', 'Kỹ thuật phần mềm', '2022-02-27', 3),
(159, 214, 'HS20159', '2006-06-06', 'Kỹ thuật phần mềm', '2025-04-16', 3),
(160, 215, 'HS20160', '2005-02-16', 'Kỹ thuật phần mềm', '2024-03-07', 3),
(161, 216, 'HS20161', '2004-04-09', 'Quản trị kinh doanh', '2022-07-30', 5),
(162, 217, 'HS20162', '2004-10-25', 'Khoa học máy tính', '2025-05-19', 1),
(163, 218, 'HS20163', '2004-06-16', 'An Toàn Thông Tin', '2023-11-25', 2),
(164, 219, 'HS20164', '2004-10-20', 'An Toàn Thông Tin', '2024-12-30', 2),
(165, 220, 'HS20165', '2005-03-15', 'Kỹ thuật phần mềm', '2024-10-14', 3),
(166, 221, 'HS20166', '2004-09-09', 'Hệ thống thông tin', '2022-12-05', 4),
(167, 222, 'HS20167', '2007-01-17', 'An Toàn Thông Tin', '2024-02-27', 2),
(168, 223, 'HS20168', '2006-05-17', 'Ngoại ngữ', '2024-04-16', 6),
(169, 224, 'HS20169', '2005-01-20', 'Hệ thống thông tin', '2023-10-06', 4),
(170, 225, 'HS20170', '2003-12-25', 'Hệ thống thông tin', '2023-08-17', 4),
(171, 226, 'HS20171', '2007-07-23', 'Khoa học máy tính', '2023-12-13', 1),
(172, 227, 'HS20172', '2004-02-19', 'Hệ thống thông tin', '2023-09-18', 4),
(173, 228, 'HS20173', '2006-11-25', 'Khoa học máy tính', '2024-09-12', 1),
(174, 229, 'HS20174', '2006-11-18', 'Ngoại ngữ', '2022-02-26', 6),
(175, 230, 'HS20175', '2005-05-11', 'An Toàn Thông Tin', '2022-03-12', 2),
(176, 231, 'HS20176', '2006-08-22', 'Khoa học máy tính', '2024-06-26', 1),
(177, 232, 'HS20177', '2004-06-28', 'Hệ thống thông tin', '2025-08-13', 4),
(178, 233, 'HS20178', '2003-10-08', 'Khoa học máy tính', '2023-10-16', 1),
(179, 234, 'HS20179', '2004-10-09', 'An Toàn Thông Tin', '2023-06-13', 2),
(180, 235, 'HS20180', '2005-08-20', 'Quản trị kinh doanh', '2023-06-21', 5),
(181, 236, 'HS20181', '2005-01-10', 'Kỹ thuật phần mềm', '2022-01-03', 3),
(182, 237, 'HS20182', '2007-08-17', 'Khoa học máy tính', '2022-05-27', 1),
(183, 238, 'HS20183', '2004-08-21', 'Quản trị kinh doanh', '2022-11-23', 5),
(184, 239, 'HS20184', '2006-10-17', 'Kỹ thuật phần mềm', '2023-06-05', 3),
(185, 240, 'HS20185', '2003-12-25', 'An Toàn Thông Tin', '2024-01-12', 2),
(186, 241, 'HS20186', '2006-09-04', 'Ngoại ngữ', '2022-10-16', 6),
(187, 242, 'HS20187', '2007-09-01', 'Kỹ thuật phần mềm', '2024-03-17', 3),
(188, 243, 'HS20188', '2005-08-26', 'Ngoại ngữ', '2023-07-19', 6),
(189, 244, 'HS20189', '2004-07-10', 'Quản trị kinh doanh', '2025-06-13', 5),
(190, 245, 'HS20190', '2006-12-15', 'An Toàn Thông Tin', '2024-07-23', 2),
(191, 246, 'HS20191', '2004-10-14', 'Khoa học máy tính', '2023-04-18', 1),
(192, 247, 'HS20192', '2004-05-12', 'Khoa học máy tính', '2024-09-14', 1),
(193, 248, 'HS20193', '2005-04-16', 'Kỹ thuật phần mềm', '2025-03-01', 3),
(194, 249, 'HS20194', '2005-09-22', 'Quản trị kinh doanh', '2025-02-27', 5),
(195, 250, 'HS20195', '2004-02-17', 'Ngoại ngữ', '2024-09-09', 6),
(196, 251, 'HS20196', '2007-01-05', 'An Toàn Thông Tin', '2022-11-26', 2),
(197, 252, 'HS20197', '2004-03-30', 'Hệ thống thông tin', '2022-02-04', 4),
(198, 253, 'HS20198', '2006-04-07', 'Quản trị kinh doanh', '2022-05-07', 5),
(199, 254, 'HS20199', '2004-09-15', 'Quản trị kinh doanh', '2024-07-19', 5),
(200, 255, 'HS20200', '2004-09-03', 'Kỹ thuật phần mềm', '2022-07-29', 3),
(201, 256, 'HS20201', '2006-04-10', 'Quản trị kinh doanh', '2025-03-13', 5),
(202, 257, 'HS20202', '2004-01-31', 'Ngoại ngữ', '2023-03-15', 6),
(203, 258, 'HS20203', '2007-02-11', 'Kỹ thuật phần mềm', '2024-03-22', 3),
(204, 259, 'HS20204', '2007-06-22', 'An Toàn Thông Tin', '2023-04-08', 2),
(205, 260, 'HS20205', '2006-12-20', 'Khoa học máy tính', '2023-02-16', 1),
(206, 261, 'HS20206', '2006-03-20', 'Quản trị kinh doanh', '2024-11-10', 5),
(207, 262, 'HS20207', '2005-10-24', 'An Toàn Thông Tin', '2025-07-05', 2),
(208, 263, 'HS20208', '2006-11-13', 'Quản trị kinh doanh', '2024-06-05', 5),
(209, 264, 'HS20209', '2004-09-05', 'Khoa học máy tính', '2024-02-10', 1),
(210, 265, 'HS20210', '2005-01-03', 'Kỹ thuật phần mềm', '2023-10-17', 3),
(211, 266, 'HS20211', '2004-08-27', 'Kỹ thuật phần mềm', '2024-05-14', 3),
(212, 267, 'HS20212', '2005-01-15', 'Ngoại ngữ', '2022-08-04', 6),
(213, 268, 'HS20213', '2007-02-22', 'Quản trị kinh doanh', '2025-08-22', 5),
(214, 269, 'HS20214', '2004-12-15', 'Ngoại ngữ', '2023-04-28', 6),
(215, 270, 'HS20215', '2007-08-03', 'Khoa học máy tính', '2021-09-01', 1),
(216, 271, 'HS20216', '2003-10-15', 'Kỹ thuật phần mềm', '2023-05-19', 3),
(217, 272, 'HS20217', '2005-09-10', 'Quản trị kinh doanh', '2022-07-27', 5),
(218, 273, 'HS20218', '2006-04-21', 'Quản trị kinh doanh', '2023-10-10', 5),
(219, 274, 'HS20219', '2004-04-01', 'Quản trị kinh doanh', '2024-04-07', 5),
(220, 275, 'HS20220', '2005-04-15', 'Khoa học máy tính', '2024-03-19', 1),
(221, 276, 'HS20221', '2005-11-24', 'Ngoại ngữ', '2023-12-12', 6),
(222, 277, 'HS20222', '2006-02-16', 'Khoa học máy tính', '2024-03-24', 1),
(223, 278, 'HS20223', '2007-07-29', 'An Toàn Thông Tin', '2023-09-02', 2),
(224, 279, 'HS20224', '2007-04-19', 'Quản trị kinh doanh', '2024-09-12', 5),
(225, 280, 'HS20225', '2006-10-14', 'An Toàn Thông Tin', '2025-05-16', 2),
(226, 281, 'HS20226', '2003-11-19', 'An Toàn Thông Tin', '2022-08-11', 2),
(227, 282, 'HS20227', '2005-02-11', 'Kỹ thuật phần mềm', '2024-11-01', 3),
(228, 283, 'HS20228', '2006-02-12', 'An Toàn Thông Tin', '2024-10-10', 2),
(229, 284, 'HS20229', '2003-09-04', 'Quản trị kinh doanh', '2022-07-07', 5),
(230, 285, 'HS20230', '2006-01-07', 'An Toàn Thông Tin', '2023-11-27', 2),
(231, 286, 'HS20231', '2004-12-28', 'Quản trị kinh doanh', '2025-07-28', 5),
(232, 287, 'HS20232', '2003-10-21', 'An Toàn Thông Tin', '2021-10-23', 2),
(233, 288, 'HS20233', '2003-09-19', 'Ngoại ngữ', '2024-05-04', 6),
(234, 289, 'HS20234', '2006-10-18', 'Khoa học máy tính', '2024-07-08', 1),
(235, 290, 'HS20235', '2006-09-02', 'An Toàn Thông Tin', '2023-11-04', 2),
(236, 291, 'HS20236', '2004-03-31', 'An Toàn Thông Tin', '2024-09-10', 2),
(237, 292, 'HS20237', '2007-06-17', 'Hệ thống thông tin', '2023-05-22', 4),
(238, 293, 'HS20238', '2006-02-14', 'An Toàn Thông Tin', '2022-01-05', 2),
(239, 294, 'HS20239', '2007-03-27', 'Ngoại ngữ', '2023-03-20', 6),
(240, 295, 'HS20240', '2005-07-05', 'Kỹ thuật phần mềm', '2022-10-04', 3),
(241, 296, 'HS20241', '2005-05-25', 'Kỹ thuật phần mềm', '2022-08-10', 3),
(242, 297, 'HS20242', '2004-06-29', 'Kỹ thuật phần mềm', '2022-10-29', 3),
(243, 298, 'HS20243', '2007-01-07', 'Hệ thống thông tin', '2023-11-16', 4),
(244, 299, 'HS20244', '2004-04-15', 'Hệ thống thông tin', '2023-08-05', 4),
(245, 300, 'HS20245', '2007-01-16', 'Khoa học máy tính', '2022-01-24', 1),
(246, 301, 'HS20246', '2007-03-31', 'Quản trị kinh doanh', '2024-09-08', 5),
(247, 302, 'HS20247', '2004-11-30', 'Khoa học máy tính', '2023-11-09', 1),
(248, 303, 'HS20248', '2004-11-28', 'An Toàn Thông Tin', '2023-10-16', 2),
(249, 304, 'HS20249', '2004-04-12', 'Quản trị kinh doanh', '2023-01-13', 5),
(250, 305, 'HS20250', '2006-11-14', 'Khoa học máy tính', '2025-06-12', 1),
(251, 306, 'HS20251', '2007-04-14', 'Kỹ thuật phần mềm', '2024-02-05', 3),
(252, 307, 'HS20252', '2006-02-28', 'Ngoại ngữ', '2022-11-15', 6),
(253, 308, 'HS20253', '2005-07-28', 'Khoa học máy tính', '2024-08-13', 1),
(254, 309, 'HS20254', '2006-07-21', 'Ngoại ngữ', '2023-01-08', 6),
(255, 310, 'HS20255', '2007-02-25', 'Khoa học máy tính', '2024-11-20', 1),
(256, 311, 'HS20256', '2004-06-15', 'Quản trị kinh doanh', '2022-11-22', 5),
(257, 312, 'HS20257', '2005-07-10', 'An Toàn Thông Tin', '2023-05-01', 2),
(258, 313, 'HS20258', '2005-02-02', 'An Toàn Thông Tin', '2024-12-23', 2),
(259, 314, 'HS20259', '2005-06-08', 'Kỹ thuật phần mềm', '2024-03-09', 3),
(260, 315, 'HS20260', '2006-03-06', 'Khoa học máy tính', '2024-10-07', 1),
(261, 316, 'HS20261', '2004-04-16', 'Kỹ thuật phần mềm', '2025-03-06', 3),
(262, 317, 'HS20262', '2003-11-20', 'An Toàn Thông Tin', '2023-06-26', 2),
(263, 318, 'HS20263', '2005-07-06', 'Quản trị kinh doanh', '2022-02-11', 5),
(264, 319, 'HS20264', '2005-02-21', 'Kỹ thuật phần mềm', '2025-07-06', 3),
(265, 320, 'HS20265', '2004-06-11', 'Kỹ thuật phần mềm', '2022-09-29', 3),
(266, 321, 'HS20266', '2005-03-11', 'Khoa học máy tính', '2024-07-21', 1),
(267, 322, 'HS20267', '2005-09-30', 'Hệ thống thông tin', '2024-06-18', 4),
(268, 323, 'HS20268', '2004-06-02', 'Khoa học máy tính', '2024-01-11', 1),
(269, 324, 'HS20269', '2007-01-10', 'Ngoại ngữ', '2023-10-31', 6),
(270, 325, 'HS20270', '2004-03-22', 'Kỹ thuật phần mềm', '2023-04-13', 3),
(271, 326, 'HS20271', '2005-10-23', 'Hệ thống thông tin', '2023-06-06', 4),
(272, 327, 'HS20272', '2004-08-26', 'An Toàn Thông Tin', '2023-04-03', 2),
(273, 328, 'HS20273', '2006-07-21', 'An Toàn Thông Tin', '2021-09-06', 2),
(274, 329, 'HS20274', '2004-05-09', 'Ngoại ngữ', '2021-11-25', 6),
(275, 330, 'HS20275', '2004-01-01', 'Quản trị kinh doanh', '2025-04-27', 5),
(276, 331, 'HS20276', '2004-05-25', 'Ngoại ngữ', '2025-07-22', 6),
(277, 332, 'HS20277', '2005-07-10', 'Ngoại ngữ', '2025-01-26', 6),
(278, 333, 'HS20278', '2005-12-16', 'Hệ thống thông tin', '2023-10-27', 4),
(279, 334, 'HS20279', '2005-10-07', 'Quản trị kinh doanh', '2022-03-06', 5),
(280, 335, 'HS20280', '2005-05-05', 'Ngoại ngữ', '2022-09-15', 6),
(281, 336, 'HS20281', '2005-11-08', 'Hệ thống thông tin', '2023-07-15', 4),
(282, 337, 'HS20282', '2007-03-13', 'An Toàn Thông Tin', '2024-10-29', 2),
(283, 338, 'HS20283', '2006-07-19', 'Hệ thống thông tin', '2022-09-28', 4),
(284, 339, 'HS20284', '2004-07-21', 'Kỹ thuật phần mềm', '2022-08-02', 3),
(285, 340, 'HS20285', '2006-12-29', 'Ngoại ngữ', '2022-03-04', 6),
(286, 341, 'HS20286', '2005-01-22', 'An Toàn Thông Tin', '2021-09-17', 2),
(287, 342, 'HS20287', '2004-10-06', 'Khoa học máy tính', '2023-08-16', 1),
(288, 343, 'HS20288', '2005-01-09', 'Quản trị kinh doanh', '2022-02-22', 5),
(289, 344, 'HS20289', '2004-01-14', 'Hệ thống thông tin', '2024-05-28', 4),
(290, 345, 'HS20290', '2003-09-23', 'Ngoại ngữ', '2024-10-20', 6),
(291, 346, 'HS20291', '2005-10-04', 'An Toàn Thông Tin', '2022-09-23', 2),
(292, 347, 'HS20292', '2005-06-12', 'Kỹ thuật phần mềm', '2021-11-01', 3),
(293, 348, 'HS20293', '2004-08-31', 'Khoa học máy tính', '2023-07-10', 1),
(294, 349, 'HS20294', '2007-08-11', 'An Toàn Thông Tin', '2024-02-15', 2),
(295, 350, 'HS20295', '2005-05-18', 'An Toàn Thông Tin', '2024-04-09', 2),
(296, 351, 'HS20296', '2005-06-24', 'Ngoại ngữ', '2022-11-27', 6),
(297, 352, 'HS20297', '2004-02-23', 'Kỹ thuật phần mềm', '2025-02-14', 3),
(298, 353, 'HS20298', '2003-10-11', 'Quản trị kinh doanh', '2023-02-13', 5),
(299, 354, 'HS20299', '2005-08-16', 'Ngoại ngữ', '2022-10-11', 6),
(300, 355, 'HS20300', '2004-02-29', 'Ngoại ngữ', '2022-07-03', 6),
(301, 356, 'HS20301', '2005-11-01', 'Quản trị kinh doanh', '2022-04-02', 5),
(302, 357, 'HS20302', '2005-11-09', 'An Toàn Thông Tin', '2022-07-17', 2),
(303, 358, 'HS20303', '2005-07-25', 'Ngoại ngữ', '2024-08-15', 6),
(304, 359, 'HS20304', '2006-05-04', 'Khoa học máy tính', '2024-11-06', 1),
(305, 360, 'HS20305', '2006-08-26', 'Quản trị kinh doanh', '2024-02-14', 5),
(306, 361, 'HS20306', '2006-02-16', 'Hệ thống thông tin', '2023-01-15', 4),
(307, 362, 'HS20307', '2007-02-04', 'Quản trị kinh doanh', '2024-02-06', 5),
(308, 363, 'HS20308', '2006-10-20', 'Quản trị kinh doanh', '2025-08-01', 5),
(309, 364, 'HS20309', '2004-09-19', 'Quản trị kinh doanh', '2023-09-18', 5),
(310, 365, 'HS20310', '2005-02-08', 'An Toàn Thông Tin', '2023-08-26', 2),
(311, 366, 'HS20311', '2005-03-10', 'Quản trị kinh doanh', '2023-09-11', 5),
(312, 367, 'HS20312', '2004-05-22', 'Quản trị kinh doanh', '2021-11-10', 5),
(313, 368, 'HS20313', '2004-03-30', 'Kỹ thuật phần mềm', '2024-04-12', 3),
(314, 369, 'HS20314', '2005-09-25', 'Quản trị kinh doanh', '2025-03-24', 5),
(315, 370, 'HS20315', '2007-02-11', 'Kỹ thuật phần mềm', '2023-11-22', 3),
(316, 371, 'HS20316', '2005-03-16', 'Hệ thống thông tin', '2023-05-29', 4),
(317, 372, 'HS20317', '2006-02-03', 'An Toàn Thông Tin', '2021-11-18', 2),
(318, 373, 'HS20318', '2004-07-19', 'Khoa học máy tính', '2025-07-04', 1),
(319, 374, 'HS20319', '2007-04-18', 'Quản trị kinh doanh', '2025-07-29', 5),
(320, 375, 'HS20320', '2005-09-19', 'Kỹ thuật phần mềm', '2024-03-27', 3),
(321, 376, 'HS20321', '2005-01-11', 'Quản trị kinh doanh', '2022-09-07', 5),
(322, 377, 'HS20322', '2004-06-20', 'Ngoại ngữ', '2022-12-01', 6),
(323, 378, 'HS20323', '2006-10-21', 'Khoa học máy tính', '2024-12-22', 1),
(324, 379, 'HS20324', '2006-04-03', 'Ngoại ngữ', '2023-04-12', 6),
(325, 380, 'HS20325', '2005-11-19', 'Kỹ thuật phần mềm', '2024-03-09', 3),
(326, 381, 'HS20326', '2005-09-28', 'Hệ thống thông tin', '2022-01-14', 4),
(327, 382, 'HS20327', '2004-05-11', 'An Toàn Thông Tin', '2022-09-04', 2),
(328, 383, 'HS20328', '2007-07-27', 'Quản trị kinh doanh', '2022-09-27', 5),
(329, 384, 'HS20329', '2007-03-15', 'Quản trị kinh doanh', '2022-01-22', 5),
(330, 385, 'HS20330', '2007-01-24', 'Hệ thống thông tin', '2023-02-06', 4),
(331, 386, 'HS20331', '2007-04-02', 'Ngoại ngữ', '2023-02-06', 6),
(332, 387, 'HS20332', '2005-12-20', 'Hệ thống thông tin', '2022-10-30', 4),
(333, 388, 'HS20333', '2004-11-02', 'An Toàn Thông Tin', '2021-10-29', 2),
(334, 389, 'HS20334', '2006-02-25', 'Ngoại ngữ', '2024-09-29', 6),
(335, 390, 'HS20335', '2004-12-06', 'Ngoại ngữ', '2021-12-17', 6),
(336, 391, 'HS20336', '2005-10-29', 'Ngoại ngữ', '2023-05-02', 6),
(337, 392, 'HS20337', '2005-10-30', 'Hệ thống thông tin', '2023-11-05', 4),
(338, 393, 'HS20338', '2005-05-02', 'Hệ thống thông tin', '2024-07-13', 4),
(339, 394, 'HS20339', '2005-08-20', 'An Toàn Thông Tin', '2023-10-17', 2),
(340, 395, 'HS20340', '2007-01-09', 'An Toàn Thông Tin', '2024-10-26', 2),
(341, 396, 'HS20341', '2006-02-17', 'Quản trị kinh doanh', '2024-07-29', 5),
(342, 397, 'HS20342', '2006-06-17', 'Kỹ thuật phần mềm', '2024-10-15', 3),
(343, 398, 'HS20343', '2004-02-19', 'Kỹ thuật phần mềm', '2024-01-15', 3),
(344, 399, 'HS20344', '2005-01-01', 'Kỹ thuật phần mềm', '2024-08-25', 3),
(345, 400, 'HS20345', '2006-12-03', 'Ngoại ngữ', '2024-08-25', 6),
(346, 401, 'HS20346', '2004-06-30', 'Hệ thống thông tin', '2022-08-26', 4),
(347, 402, 'HS20347', '2007-02-02', 'Khoa học máy tính', '2022-06-05', 1),
(348, 403, 'HS20348', '2005-06-01', 'Ngoại ngữ', '2024-09-13', 6),
(349, 404, 'HS20349', '2005-11-24', 'Quản trị kinh doanh', '2022-02-20', 5),
(350, 405, 'HS20350', '2004-12-12', 'Khoa học máy tính', '2022-03-04', 1),
(351, 406, 'HS20351', '2005-08-09', 'Kỹ thuật phần mềm', '2025-06-19', 3),
(352, 407, 'HS20352', '2007-02-10', 'Quản trị kinh doanh', '2023-12-09', 5),
(353, 408, 'HS20353', '2006-05-26', 'An Toàn Thông Tin', '2024-05-09', 2),
(354, 409, 'HS20354', '2005-12-13', 'Kỹ thuật phần mềm', '2023-11-30', 3),
(355, 410, 'HS20355', '2005-08-02', 'An Toàn Thông Tin', '2023-08-04', 2),
(356, 411, 'HS20356', '2003-09-19', 'Hệ thống thông tin', '2022-08-17', 4),
(357, 412, 'HS20357', '2006-10-30', 'Kỹ thuật phần mềm', '2022-06-04', 3),
(358, 413, 'HS20358', '2004-06-11', 'Khoa học máy tính', '2022-04-25', 1),
(359, 414, 'HS20359', '2006-02-13', 'Khoa học máy tính', '2023-05-25', 1),
(360, 415, 'HS20360', '2003-09-26', 'Quản trị kinh doanh', '2022-01-02', 5),
(361, 416, 'HS20361', '2006-07-09', 'An Toàn Thông Tin', '2021-09-30', 2),
(362, 417, 'HS20362', '2005-02-04', 'Kỹ thuật phần mềm', '2024-11-09', 3),
(363, 418, 'HS20363', '2006-04-30', 'Hệ thống thông tin', '2025-02-18', 4),
(364, 419, 'HS20364', '2007-07-22', 'Khoa học máy tính', '2023-08-14', 1),
(365, 420, 'HS20365', '2006-06-26', 'Hệ thống thông tin', '2023-08-13', 4),
(366, 421, 'HS20366', '2004-06-13', 'Quản trị kinh doanh', '2022-04-13', 5),
(367, 422, 'HS20367', '2004-06-13', 'An Toàn Thông Tin', '2025-03-07', 2),
(368, 423, 'HS20368', '2005-10-25', 'Hệ thống thông tin', '2021-09-07', 4),
(369, 424, 'HS20369', '2006-01-16', 'Hệ thống thông tin', '2023-03-15', 4),
(370, 425, 'HS20370', '2007-06-07', 'Quản trị kinh doanh', '2025-01-11', 5),
(371, 426, 'HS20371', '2006-06-16', 'Khoa học máy tính', '2024-01-22', 1),
(372, 427, 'HS20372', '2004-12-22', 'Khoa học máy tính', '2022-09-22', 1),
(373, 428, 'HS20373', '2005-08-17', 'Khoa học máy tính', '2023-05-01', 1),
(374, 429, 'HS20374', '2006-10-11', 'Kỹ thuật phần mềm', '2024-03-21', 3),
(375, 430, 'HS20375', '2006-06-24', 'An Toàn Thông Tin', '2022-11-30', 2),
(376, 431, 'HS20376', '2006-11-10', 'Quản trị kinh doanh', '2023-12-30', 5),
(377, 432, 'HS20377', '2007-03-23', 'Quản trị kinh doanh', '2021-12-30', 5),
(378, 433, 'HS20378', '2005-12-01', 'An Toàn Thông Tin', '2023-04-21', 2),
(379, 434, 'HS20379', '2004-05-31', 'An Toàn Thông Tin', '2025-06-12', 2),
(380, 435, 'HS20380', '2005-03-18', 'Kỹ thuật phần mềm', '2023-06-10', 3),
(381, 436, 'HS20381', '2004-12-23', 'Kỹ thuật phần mềm', '2022-08-13', 3),
(382, 437, 'HS20382', '2004-03-11', 'Khoa học máy tính', '2024-07-23', 1),
(383, 438, 'HS20383', '2007-05-31', 'An Toàn Thông Tin', '2022-06-05', 2),
(384, 439, 'HS20384', '2004-11-28', 'An Toàn Thông Tin', '2022-03-27', 2),
(385, 440, 'HS20385', '2004-01-26', 'Ngoại ngữ', '2022-06-23', 6),
(386, 441, 'HS20386', '2005-04-03', 'Quản trị kinh doanh', '2024-01-08', 5),
(387, 442, 'HS20387', '2004-10-15', 'Khoa học máy tính', '2022-05-15', 1),
(388, 443, 'HS20388', '2003-10-19', 'Kỹ thuật phần mềm', '2022-01-16', 3),
(389, 444, 'HS20389', '2005-01-10', 'Ngoại ngữ', '2024-02-14', 6),
(390, 445, 'HS20390', '2006-09-21', 'Ngoại ngữ', '2024-05-16', 6),
(391, 446, 'HS20391', '2006-11-10', 'Khoa học máy tính', '2025-04-12', 1),
(392, 447, 'HS20392', '2004-04-25', 'Hệ thống thông tin', '2022-11-18', 4),
(393, 448, 'HS20393', '2004-04-27', 'Kỹ thuật phần mềm', '2023-02-28', 3),
(394, 449, 'HS20394', '2004-06-08', 'Kỹ thuật phần mềm', '2022-07-13', 3),
(395, 450, 'HS20395', '2004-02-10', 'Hệ thống thông tin', '2024-05-21', 4),
(396, 451, 'HS20396', '2006-07-02', 'Quản trị kinh doanh', '2025-07-29', 5),
(397, 452, 'HS20397', '2006-04-05', 'Hệ thống thông tin', '2025-05-30', 4),
(398, 453, 'HS20398', '2006-10-27', 'An Toàn Thông Tin', '2022-05-18', 2),
(399, 454, 'HS20399', '2006-01-29', 'Ngoại ngữ', '2021-10-18', 6),
(400, 455, 'HS20400', '2006-08-12', 'Hệ thống thông tin', '2024-06-18', 4),
(401, 456, 'HS20401', '2005-04-25', 'Kỹ thuật phần mềm', '2024-12-06', 3),
(402, 457, 'HS20402', '2006-07-15', 'Kỹ thuật phần mềm', '2021-10-20', 3),
(403, 458, 'HS20403', '2003-11-15', 'Hệ thống thông tin', '2024-02-08', 4),
(404, 459, 'HS20404', '2004-11-08', 'An Toàn Thông Tin', '2025-06-24', 2),
(405, 460, 'HS20405', '2006-10-18', 'An Toàn Thông Tin', '2024-06-21', 2),
(406, 461, 'HS20406', '2005-09-03', 'Quản trị kinh doanh', '2023-05-28', 5),
(407, 462, 'HS20407', '2007-01-05', 'Ngoại ngữ', '2022-02-14', 6),
(408, 463, 'HS20408', '2004-11-21', 'An Toàn Thông Tin', '2024-12-09', 2),
(409, 464, 'HS20409', '2003-12-09', 'Kỹ thuật phần mềm', '2021-09-22', 3),
(410, 465, 'HS20410', '2006-07-22', 'An Toàn Thông Tin', '2022-04-05', 2),
(411, 466, 'HS20411', '2005-04-01', 'An Toàn Thông Tin', '2025-05-20', 2),
(412, 467, 'HS20412', '2007-04-17', 'Quản trị kinh doanh', '2023-10-02', 5),
(413, 468, 'HS20413', '2003-12-19', 'An Toàn Thông Tin', '2025-02-02', 2),
(414, 469, 'HS20414', '2006-09-06', 'Hệ thống thông tin', '2022-05-21', 4),
(415, 470, 'HS20415', '2006-01-08', 'Hệ thống thông tin', '2025-07-14', 4),
(416, 471, 'HS20416', '2007-06-25', 'Kỹ thuật phần mềm', '2024-04-04', 3),
(417, 472, 'HS20417', '2004-05-26', 'Ngoại ngữ', '2025-07-20', 6),
(418, 473, 'HS20418', '2004-01-10', 'Ngoại ngữ', '2024-06-01', 6),
(419, 474, 'HS20419', '2004-03-06', 'Kỹ thuật phần mềm', '2025-01-30', 3),
(420, 475, 'HS20420', '2005-03-21', 'Kỹ thuật phần mềm', '2025-04-21', 3),
(421, 476, 'HS20421', '2006-02-23', 'Quản trị kinh doanh', '2024-03-29', 5),
(422, 477, 'HS20422', '2005-03-11', 'Quản trị kinh doanh', '2024-09-15', 5),
(423, 478, 'HS20423', '2004-09-02', 'An Toàn Thông Tin', '2022-03-03', 2),
(424, 479, 'HS20424', '2005-10-03', 'An Toàn Thông Tin', '2023-08-05', 2),
(425, 480, 'HS20425', '2003-11-12', 'An Toàn Thông Tin', '2024-10-22', 2),
(426, 481, 'HS20426', '2005-08-03', 'Hệ thống thông tin', '2023-12-10', 4),
(427, 482, 'HS20427', '2005-05-30', 'Quản trị kinh doanh', '2025-03-21', 5),
(428, 483, 'HS20428', '2006-06-22', 'An Toàn Thông Tin', '2025-05-29', 2),
(429, 484, 'HS20429', '2006-10-23', 'An Toàn Thông Tin', '2024-10-09', 2),
(430, 485, 'HS20430', '2005-11-28', 'Quản trị kinh doanh', '2024-03-18', 5),
(431, 486, 'HS20431', '2003-12-10', 'Ngoại ngữ', '2023-05-30', 6),
(432, 487, 'HS20432', '2007-04-17', 'An Toàn Thông Tin', '2025-02-16', 2),
(433, 488, 'HS20433', '2006-04-13', 'Hệ thống thông tin', '2024-08-09', 4),
(434, 489, 'HS20434', '2003-11-02', 'Hệ thống thông tin', '2023-04-23', 4),
(435, 490, 'HS20435', '2006-09-29', 'Quản trị kinh doanh', '2022-06-12', 5),
(436, 491, 'HS20436', '2005-07-08', 'Khoa học máy tính', '2022-05-30', 1),
(437, 492, 'HS20437', '2007-07-21', 'Ngoại ngữ', '2025-08-21', 6),
(438, 493, 'HS20438', '2007-05-09', 'Hệ thống thông tin', '2025-07-18', 4),
(439, 494, 'HS20439', '2007-03-11', 'Kỹ thuật phần mềm', '2022-05-25', 3),
(440, 495, 'HS20440', '2006-12-28', 'Khoa học máy tính', '2021-12-26', 1),
(441, 496, 'HS20441', '2006-07-23', 'Kỹ thuật phần mềm', '2022-01-03', 3),
(442, 497, 'HS20442', '2004-03-07', 'Quản trị kinh doanh', '2025-02-06', 5),
(443, 498, 'HS20443', '2006-06-04', 'Hệ thống thông tin', '2022-08-26', 4),
(444, 499, 'HS20444', '2006-09-23', 'An Toàn Thông Tin', '2022-09-11', 2),
(445, 500, 'HS20445', '2003-10-28', 'Quản trị kinh doanh', '2024-03-16', 5),
(446, 501, 'HS20446', '2005-10-27', 'Khoa học máy tính', '2022-11-02', 1),
(447, 502, 'HS20447', '2004-01-12', 'Kỹ thuật phần mềm', '2022-03-10', 3),
(448, 503, 'HS20448', '2007-08-25', 'Kỹ thuật phần mềm', '2025-02-16', 3),
(449, 504, 'HS20449', '2007-07-24', 'Kỹ thuật phần mềm', '2022-03-17', 3),
(450, 505, 'HS20450', '2006-06-23', 'Hệ thống thông tin', '2024-08-03', 4),
(451, 506, 'HS20451', '2005-01-02', 'Kỹ thuật phần mềm', '2025-03-01', 3),
(452, 507, 'HS20452', '2004-07-17', 'An Toàn Thông Tin', '2024-09-24', 2),
(453, 508, 'HS20453', '2007-08-21', 'Khoa học máy tính', '2023-06-15', 1),
(454, 509, 'HS20454', '2006-03-15', 'Kỹ thuật phần mềm', '2025-08-06', 3),
(455, 510, 'HS20455', '2004-03-08', 'Kỹ thuật phần mềm', '2021-10-29', 3),
(456, 511, 'HS20456', '2005-08-11', 'Ngoại ngữ', '2023-12-18', 6),
(457, 512, 'HS20457', '2005-06-20', 'Khoa học máy tính', '2022-11-10', 1),
(458, 513, 'HS20458', '2006-10-02', 'An Toàn Thông Tin', '2024-02-22', 2),
(459, 514, 'HS20459', '2007-06-22', 'Quản trị kinh doanh', '2024-03-31', 5),
(460, 515, 'HS20460', '2006-06-22', 'An Toàn Thông Tin', '2023-03-13', 2),
(461, 516, 'HS20461', '2006-03-08', 'Khoa học máy tính', '2023-12-13', 1),
(462, 517, 'HS20462', '2005-08-09', 'Khoa học máy tính', '2021-12-30', 1),
(463, 518, 'HS20463', '2005-09-07', 'An Toàn Thông Tin', '2023-01-09', 2),
(464, 519, 'HS20464', '2005-05-07', 'Kỹ thuật phần mềm', '2023-08-17', 3),
(465, 520, 'HS20465', '2005-10-24', 'Khoa học máy tính', '2023-08-11', 1),
(466, 521, 'HS20466', '2006-05-17', 'Khoa học máy tính', '2024-06-10', 1),
(467, 522, 'HS20467', '2004-04-20', 'Hệ thống thông tin', '2023-02-15', 4),
(468, 523, 'HS20468', '2004-07-25', 'Khoa học máy tính', '2025-05-06', 1),
(469, 524, 'HS20469', '2003-12-16', 'Kỹ thuật phần mềm', '2023-08-05', 3),
(470, 525, 'HS20470', '2004-11-05', 'An Toàn Thông Tin', '2025-05-31', 2),
(471, 526, 'HS20471', '2006-08-01', 'An Toàn Thông Tin', '2021-12-31', 2),
(472, 527, 'HS20472', '2003-09-28', 'An Toàn Thông Tin', '2024-11-25', 2),
(473, 528, 'HS20473', '2004-01-16', 'Hệ thống thông tin', '2022-09-12', 4),
(474, 529, 'HS20474', '2006-12-14', 'Kỹ thuật phần mềm', '2021-08-31', 3),
(475, 530, 'HS20475', '2005-10-21', 'An Toàn Thông Tin', '2021-09-11', 2),
(476, 531, 'HS20476', '2007-05-14', 'Kỹ thuật phần mềm', '2023-03-23', 3),
(477, 532, 'HS20477', '2005-02-12', 'Ngoại ngữ', '2021-12-26', 6),
(478, 533, 'HS20478', '2006-01-11', 'Hệ thống thông tin', '2024-01-11', 4),
(479, 534, 'HS20479', '2006-02-02', 'Quản trị kinh doanh', '2023-10-28', 5),
(480, 535, 'HS20480', '2003-12-12', 'Quản trị kinh doanh', '2023-07-22', 5),
(481, 536, 'HS20481', '2005-12-26', 'Hệ thống thông tin', '2023-12-12', 4),
(482, 537, 'HS20482', '2006-01-11', 'Kỹ thuật phần mềm', '2024-08-16', 3),
(483, 538, 'HS20483', '2007-08-21', 'Quản trị kinh doanh', '2021-09-04', 5),
(484, 539, 'HS20484', '2006-08-29', 'Khoa học máy tính', '2024-04-21', 1),
(485, 540, 'HS20485', '2005-09-11', 'An Toàn Thông Tin', '2023-10-21', 2),
(486, 541, 'HS20486', '2007-01-02', 'An Toàn Thông Tin', '2022-08-24', 2),
(487, 542, 'HS20487', '2005-08-24', 'Kỹ thuật phần mềm', '2022-07-26', 3),
(488, 543, 'HS20488', '2006-04-13', 'An Toàn Thông Tin', '2021-10-09', 2),
(489, 544, 'HS20489', '2005-05-27', 'Khoa học máy tính', '2022-09-18', 1),
(490, 545, 'HS20490', '2003-11-13', 'Kỹ thuật phần mềm', '2022-09-16', 3),
(491, 546, 'HS20491', '2006-03-06', 'Ngoại ngữ', '2024-10-07', 6),
(492, 547, 'HS20492', '2003-12-20', 'Khoa học máy tính', '2024-03-27', 1),
(493, 548, 'HS20493', '2005-02-28', 'Khoa học máy tính', '2025-03-24', 1),
(494, 549, 'HS20494', '2004-11-28', 'Khoa học máy tính', '2023-08-16', 1),
(495, 550, 'HS20495', '2004-08-25', 'Khoa học máy tính', '2021-10-24', 1),
(496, 551, 'HS20496', '2004-01-12', 'Khoa học máy tính', '2025-02-12', 1),
(497, 552, 'HS20497', '2006-04-27', 'Hệ thống thông tin', '2023-07-26', 4),
(498, 553, 'HS20498', '2006-05-31', 'An Toàn Thông Tin', '2022-07-21', 2),
(499, 554, 'HS20499', '2004-09-17', 'Kỹ thuật phần mềm', '2024-09-08', 3),
(500, 555, 'HS20500', '2005-08-09', 'Kỹ thuật phần mềm', '2022-01-07', 3);

-- Data for table: classes
INSERT INTO classes (ClassID, CourseID, TeacherID, Semester, AcademicYear, MaxCapacity, CurrentEnrollment, Status, StartDate, EndDate) VALUES
(1, 1, 19, 'Học kỳ 1', '2024-2025', 53, 0, 'Hoàn thành', '2024-12-15', '2025-03-30'),
(2, 1, 10, 'Học kỳ 2', '2024-2025', 73, 0, 'Hoàn thành', '2024-04-07', '2024-07-28'),
(3, 1, 2, 'Học kỳ 1', '2025-2026', 92, 0, 'Mở đăng ký', '2025-12-11', '2026-03-26'),
(4, 1, 48, 'Học kỳ 2', '2024-2025', 53, 0, 'Hoàn thành', '2024-08-03', '2024-11-16'),
(5, 1, 2, 'Học kỳ 1', '2026-2027', 55, 0, 'Mở đăng ký', '2026-02-28', '2026-06-20'),
(6, 2, 26, 'Học kỳ 1', '2026-2027', 88, 0, 'Mở đăng ký', '2026-01-25', '2026-04-26'),
(7, 2, 48, 'Học kỳ 1', '2024-2025', 66, 0, 'Hoàn thành', '2024-11-26', '2025-02-18'),
(8, 2, 10, 'Học kỳ 2', '2025-2026', 45, 0, 'Đang học', '2025-06-19', '2025-09-25'),
(9, 2, 2, 'Học kỳ 2', '2026-2027', 68, 0, 'Mở đăng ký', '2026-06-09', '2026-09-08'),
(10, 2, 19, 'Học kỳ 1', '2024-2025', 40, 0, 'Hoàn thành', '2024-02-03', '2024-04-27'),
(11, 3, 19, 'Học kỳ 2', '2024-2025', 66, 0, 'Hoàn thành', '2024-03-21', '2024-06-27'),
(12, 3, 10, 'Học kỳ 1', '2025-2026', 50, 0, 'Hoàn thành', '2025-01-14', '2025-04-29'),
(13, 3, 2, 'Học kỳ 1', '2025-2026', 44, 0, 'Hoàn thành', '2025-02-15', '2025-06-07'),
(14, 3, 2, 'Học kỳ 2', '2026-2027', 70, 0, 'Mở đăng ký', '2026-03-09', '2026-06-15'),
(15, 3, 48, 'Học kỳ 2', '2024-2025', 89, 0, 'Hoàn thành', '2024-03-11', '2024-06-10'),
(16, 4, 26, 'Học kỳ 2', '2024-2025', 71, 0, 'Hoàn thành', '2024-08-31', '2024-11-23'),
(17, 4, 19, 'Học kỳ 2', '2024-2025', 78, 0, 'Hoàn thành', '2024-05-11', '2024-08-31'),
(18, 4, 26, 'Học kỳ 1', '2023-2024', 61, 0, 'Hoàn thành', '2023-12-29', '2024-03-22'),
(19, 4, 2, 'Học kỳ 1', '2023-2024', 48, 0, 'Hoàn thành', '2023-12-07', '2024-03-07'),
(20, 4, 10, 'Học kỳ 1', '2025-2026', 48, 0, 'Mở đăng ký', '2025-11-05', '2026-02-18'),
(21, 5, 22, 'Học kỳ 1', '2024-2025', 70, 0, 'Hoàn thành', '2024-01-04', '2024-04-25'),
(22, 5, 22, 'Học kỳ 2', '2025-2026', 82, 0, 'Đang học', '2025-05-15', '2025-08-28'),
(23, 5, 44, 'Học kỳ 2', '2024-2025', 43, 0, 'Hoàn thành', '2024-05-13', '2024-09-02'),
(24, 5, 16, 'Học kỳ 1', '2025-2026', 44, 0, 'Hoàn thành', '2025-01-08', '2025-04-09'),
(25, 5, 44, 'Học kỳ 1', '2024-2025', 68, 0, 'Hoàn thành', '2024-01-22', '2024-04-22'),
(26, 6, 22, 'Học kỳ 1', '2024-2025', 94, 0, 'Hoàn thành', '2024-11-07', '2025-02-13'),
(27, 6, 44, 'Học kỳ 2', '2026-2027', 67, 0, 'Mở đăng ký', '2026-08-11', '2026-12-01'),
(28, 6, 45, 'Học kỳ 2', '2026-2027', 92, 0, 'Mở đăng ký', '2026-05-29', '2026-08-21'),
(29, 6, 12, 'Học kỳ 1', '2026-2027', 86, 0, 'Mở đăng ký', '2026-01-27', '2026-04-21'),
(30, 6, 12, 'Học kỳ 2', '2024-2025', 73, 0, 'Hoàn thành', '2024-06-22', '2024-09-28'),
(31, 7, 6, 'Học kỳ 1', '2024-2025', 67, 0, 'Hoàn thành', '2024-02-28', '2024-06-12'),
(32, 7, 32, 'Học kỳ 1', '2024-2025', 83, 0, 'Hoàn thành', '2024-10-02', '2025-01-08'),
(33, 7, 29, 'Học kỳ 2', '2026-2027', 85, 0, 'Mở đăng ký', '2026-06-14', '2026-09-27'),
(34, 7, 25, 'Học kỳ 1', '2025-2026', 78, 0, 'Hoàn thành', '2025-01-01', '2025-03-26'),
(35, 7, 33, 'Học kỳ 2', '2026-2027', 66, 0, 'Mở đăng ký', '2026-07-22', '2026-11-11'),
(36, 8, 7, 'Học kỳ 1', '2023-2024', 49, 0, 'Hoàn thành', '2023-09-15', '2023-12-29'),
(37, 8, 20, 'Học kỳ 1', '2024-2025', 94, 0, 'Hoàn thành', '2024-10-13', '2025-01-26'),
(38, 8, 28, 'Học kỳ 1', '2025-2026', 70, 0, 'Mở đăng ký', '2025-10-17', '2026-01-16'),
(39, 8, 38, 'Học kỳ 2', '2026-2027', 49, 0, 'Mở đăng ký', '2026-07-07', '2026-10-13'),
(40, 8, 4, 'Học kỳ 2', '2026-2027', 70, 0, 'Mở đăng ký', '2026-04-01', '2026-07-01'),
(41, 9, 24, 'Học kỳ 2', '2025-2026', 57, 0, 'Hoàn thành', '2025-03-12', '2025-07-02'),
(42, 9, 21, 'Học kỳ 1', '2023-2024', 83, 0, 'Hoàn thành', '2023-11-17', '2024-02-23'),
(43, 9, 47, 'Học kỳ 1', '2024-2025', 53, 0, 'Hoàn thành', '2024-10-05', '2025-01-18'),
(44, 9, 27, 'Học kỳ 2', '2026-2027', 86, 0, 'Mở đăng ký', '2026-07-26', '2026-11-01'),
(45, 9, 39, 'Học kỳ 1', '2024-2025', 50, 0, 'Hoàn thành', '2024-01-14', '2024-04-07'),
(46, 10, 21, 'Học kỳ 2', '2025-2026', 48, 0, 'Hoàn thành', '2025-05-05', '2025-08-11'),
(47, 10, 39, 'Học kỳ 2', '2026-2027', 92, 0, 'Mở đăng ký', '2026-06-04', '2026-09-10'),
(48, 10, 21, 'Học kỳ 2', '2026-2027', 48, 0, 'Mở đăng ký', '2026-03-20', '2026-06-12'),
(49, 10, 43, 'Học kỳ 1', '2023-2024', 72, 0, 'Hoàn thành', '2023-09-23', '2024-01-06'),
(50, 10, 43, 'Học kỳ 1', '2024-2025', 84, 0, 'Hoàn thành', '2024-12-16', '2025-03-10'),
(51, 11, 35, 'Học kỳ 2', '2026-2027', 88, 0, 'Mở đăng ký', '2026-03-02', '2026-06-15'),
(52, 11, 36, 'Học kỳ 2', '2024-2025', 82, 0, 'Hoàn thành', '2024-05-27', '2024-08-26'),
(53, 11, 35, 'Học kỳ 2', '2024-2025', 77, 0, 'Hoàn thành', '2024-04-03', '2024-07-10'),
(54, 11, 35, 'Học kỳ 2', '2026-2027', 88, 0, 'Mở đăng ký', '2026-03-09', '2026-06-29'),
(55, 11, 41, 'Học kỳ 2', '2026-2027', 88, 0, 'Mở đăng ký', '2026-08-04', '2026-11-24'),
(56, 12, 8, 'Học kỳ 2', '2024-2025', 77, 0, 'Hoàn thành', '2024-08-29', '2024-11-28'),
(57, 12, 50, 'Học kỳ 1', '2025-2026', 67, 0, 'Hoàn thành', '2025-01-23', '2025-05-15'),
(58, 12, 35, 'Học kỳ 1', '2025-2026', 77, 0, 'Mở đăng ký', '2025-12-02', '2026-03-03'),
(59, 12, 41, 'Học kỳ 1', '2023-2024', 58, 0, 'Hoàn thành', '2023-09-03', '2023-12-17'),
(60, 12, 17, 'Học kỳ 2', '2026-2027', 84, 0, 'Mở đăng ký', '2026-08-20', '2026-11-12'),
(61, 13, 17, 'Học kỳ 2', '2024-2025', 59, 0, 'Hoàn thành', '2024-06-04', '2024-09-10'),
(62, 13, 50, 'Học kỳ 2', '2025-2026', 53, 0, 'Hoàn thành', '2025-04-10', '2025-07-31'),
(63, 13, 9, 'Học kỳ 1', '2023-2024', 60, 0, 'Hoàn thành', '2023-10-17', '2024-01-23'),
(64, 13, 8, 'Học kỳ 1', '2023-2024', 48, 0, 'Hoàn thành', '2023-09-16', '2023-12-23'),
(65, 13, 42, 'Học kỳ 2', '2026-2027', 50, 0, 'Mở đăng ký', '2026-05-26', '2026-08-25'),
(66, 14, 50, 'Học kỳ 2', '2026-2027', 62, 0, 'Mở đăng ký', '2026-08-26', '2026-12-16'),
(67, 14, 17, 'Học kỳ 2', '2026-2027', 44, 0, 'Mở đăng ký', '2026-03-20', '2026-06-12'),
(68, 14, 9, 'Học kỳ 1', '2023-2024', 65, 0, 'Hoàn thành', '2023-10-30', '2024-02-19'),
(69, 14, 8, 'Học kỳ 1', '2024-2025', 62, 0, 'Hoàn thành', '2024-09-10', '2024-12-17'),
(70, 14, 42, 'Học kỳ 2', '2025-2026', 93, 0, 'Đang học', '2025-08-27', '2025-11-26'),
(71, 15, 40, 'Học kỳ 1', '2024-2025', 42, 0, 'Hoàn thành', '2024-10-17', '2025-02-06'),
(72, 15, 31, 'Học kỳ 1', '2024-2025', 40, 0, 'Hoàn thành', '2024-10-15', '2025-01-07'),
(73, 15, 34, 'Học kỳ 2', '2026-2027', 90, 0, 'Mở đăng ký', '2026-08-15', '2026-11-21'),
(74, 15, 49, 'Học kỳ 1', '2026-2027', 89, 0, 'Mở đăng ký', '2026-01-11', '2026-05-03'),
(75, 15, 30, 'Học kỳ 1', '2024-2025', 100, 0, 'Hoàn thành', '2024-12-16', '2025-04-07'),
(76, 16, 5, 'Học kỳ 1', '2024-2025', 45, 0, 'Hoàn thành', '2024-09-24', '2024-12-31'),
(77, 16, 5, 'Học kỳ 2', '2025-2026', 100, 0, 'Hoàn thành', '2025-03-27', '2025-06-26'),
(78, 16, 31, 'Học kỳ 1', '2024-2025', 90, 0, 'Hoàn thành', '2024-11-13', '2025-02-26'),
(79, 16, 30, 'Học kỳ 2', '2026-2027', 60, 0, 'Mở đăng ký', '2026-05-11', '2026-08-17'),
(80, 16, 34, 'Học kỳ 2', '2025-2026', 100, 0, 'Đang học', '2025-06-12', '2025-09-18');

-- Data for table: schedules
INSERT INTO schedules (ClassID, DayOfWeek, StartTime, EndTime, RoomLocation) VALUES
(1, 'Thứ Ba', '15:00:00', '16:45:00', 'PA108'),
(1, 'Thứ Bảy', '15:00:00', '16:45:00', 'PA303'),
(1, 'Thứ Tư', '09:00:00', '10:45:00', 'PB101'),
(1, 'Thứ Hai', '09:00:00', '10:45:00', 'PC102'),
(2, 'Thứ Tư', '07:00:00', '08:45:00', 'PA209'),
(2, 'Thứ Năm', '09:00:00', '10:45:00', 'PB401'),
(2, 'Thứ Hai', '15:00:00', '16:45:00', 'PA210'),
(3, 'Thứ Năm', '15:00:00', '16:45:00', 'PA504'),
(3, 'Thứ Bảy', '13:00:00', '14:45:00', 'PA110'),
(3, 'Thứ Bảy', '09:00:00', '10:45:00', 'PA303'),
(3, 'Thứ Tư', '15:00:00', '16:45:00', 'PB505'),
(4, 'Thứ Ba', '13:00:00', '14:45:00', 'PC502'),
(4, 'Thứ Sáu', '09:00:00', '10:45:00', 'PC508'),
(5, 'Thứ Sáu', '07:00:00', '08:45:00', 'PC105'),
(5, 'Thứ Năm', '09:00:00', '10:45:00', 'PC503'),
(6, 'Thứ Năm', '15:00:00', '16:45:00', 'PA503'),
(6, 'Thứ Ba', '07:00:00', '08:45:00', 'PC301'),
(7, 'Thứ Hai', '09:00:00', '10:45:00', 'PC310'),
(7, 'Thứ Bảy', '15:00:00', '16:45:00', 'PA507'),
(8, 'Thứ Bảy', '13:00:00', '14:45:00', 'PA305'),
(8, 'Thứ Ba', '09:00:00', '10:45:00', 'PB302'),
(9, 'Thứ Bảy', '15:00:00', '16:45:00', 'PA107'),
(9, 'Thứ Ba', '07:00:00', '08:45:00', 'PB108'),
(9, 'Thứ Sáu', '09:00:00', '10:45:00', 'PA508'),
(9, 'Thứ Sáu', '15:00:00', '16:45:00', 'PA106'),
(10, 'Thứ Tư', '15:00:00', '16:45:00', 'PB508'),
(10, 'Thứ Hai', '13:00:00', '14:45:00', 'PA402'),
(11, 'Thứ Ba', '09:00:00', '10:45:00', 'PB508'),
(11, 'Thứ Hai', '07:00:00', '08:45:00', 'PB407'),
(11, 'Thứ Hai', '15:00:00', '16:45:00', 'PB409'),
(12, 'Thứ Bảy', '07:00:00', '08:45:00', 'PC310'),
(12, 'Thứ Tư', '09:00:00', '10:45:00', 'PA310'),
(12, 'Thứ Tư', '15:00:00', '16:45:00', 'PB304'),
(13, 'Thứ Ba', '13:00:00', '14:45:00', 'PC402'),
(13, 'Thứ Hai', '15:00:00', '16:45:00', 'PA509'),
(13, 'Thứ Ba', '09:00:00', '10:45:00', 'PB306'),
(14, 'Thứ Năm', '13:00:00', '14:45:00', 'PC302'),
(14, 'Thứ Tư', '07:00:00', '08:45:00', 'PC501'),
(14, 'Thứ Tư', '13:00:00', '14:45:00', 'PA108'),
(14, 'Thứ Năm', '07:00:00', '08:45:00', 'PB205'),
(15, 'Thứ Bảy', '07:00:00', '08:45:00', 'PA207'),
(15, 'Thứ Năm', '07:00:00', '08:45:00', 'PB304'),
(15, 'Thứ Hai', '13:00:00', '14:45:00', 'PB406'),
(16, 'Thứ Ba', '15:00:00', '16:45:00', 'PA507'),
(16, 'Thứ Tư', '13:00:00', '14:45:00', 'PC107'),
(16, 'Thứ Hai', '09:00:00', '10:45:00', 'PA207'),
(17, 'Thứ Ba', '13:00:00', '14:45:00', 'PC203'),
(17, 'Thứ Sáu', '13:00:00', '14:45:00', 'PA308'),
(18, 'Thứ Bảy', '07:00:00', '08:45:00', 'PA505'),
(18, 'Thứ Hai', '13:00:00', '14:45:00', 'PB108'),
(19, 'Thứ Hai', '07:00:00', '08:45:00', 'PA507'),
(19, 'Thứ Hai', '09:00:00', '10:45:00', 'PB303'),
(19, 'Thứ Sáu', '13:00:00', '14:45:00', 'PA106'),
(20, 'Thứ Sáu', '09:00:00', '10:45:00', 'PC403'),
(20, 'Thứ Hai', '09:00:00', '10:45:00', 'PB309'),
(21, 'Thứ Hai', '13:00:00', '14:45:00', 'PB309'),
(21, 'Thứ Ba', '09:00:00', '10:45:00', 'PA302'),
(21, 'Thứ Hai', '15:00:00', '16:45:00', 'PB206'),
(21, 'Thứ Sáu', '07:00:00', '08:45:00', 'PA206'),
(22, 'Thứ Sáu', '13:00:00', '14:45:00', 'PB507'),
(22, 'Thứ Ba', '07:00:00', '08:45:00', 'PB202'),
(23, 'Thứ Hai', '15:00:00', '16:45:00', 'PC105'),
(23, 'Thứ Sáu', '07:00:00', '08:45:00', 'PB410'),
(24, 'Thứ Hai', '15:00:00', '16:45:00', 'PC504'),
(24, 'Thứ Ba', '07:00:00', '08:45:00', 'PA405'),
(24, 'Thứ Tư', '15:00:00', '16:45:00', 'PC404'),
(24, 'Thứ Ba', '09:00:00', '10:45:00', 'PA110'),
(25, 'Thứ Bảy', '09:00:00', '10:45:00', 'PB408'),
(25, 'Thứ Tư', '07:00:00', '08:45:00', 'PB109'),
(25, 'Thứ Sáu', '15:00:00', '16:45:00', 'PB205'),
(26, 'Thứ Tư', '09:00:00', '10:45:00', 'PB206'),
(26, 'Thứ Năm', '07:00:00', '08:45:00', 'PA405'),
(26, 'Thứ Bảy', '07:00:00', '08:45:00', 'PA402'),
(26, 'Thứ Sáu', '15:00:00', '16:45:00', 'PB307'),
(27, 'Thứ Bảy', '07:00:00', '08:45:00', 'PA404'),
(27, 'Thứ Hai', '09:00:00', '10:45:00', 'PC507'),
(27, 'Thứ Sáu', '13:00:00', '14:45:00', 'PB306'),
(27, 'Thứ Sáu', '09:00:00', '10:45:00', 'PB408'),
(28, 'Thứ Tư', '15:00:00', '16:45:00', 'PC105'),
(28, 'Thứ Bảy', '13:00:00', '14:45:00', 'PC210'),
(29, 'Thứ Tư', '07:00:00', '08:45:00', 'PA510'),
(29, 'Thứ Sáu', '13:00:00', '14:45:00', 'PB501'),
(29, 'Thứ Hai', '13:00:00', '14:45:00', 'PC408'),
(29, 'Thứ Bảy', '13:00:00', '14:45:00', 'PB501'),
(30, 'Thứ Tư', '09:00:00', '10:45:00', 'PB302'),
(30, 'Thứ Ba', '15:00:00', '16:45:00', 'PC107'),
(30, 'Thứ Bảy', '09:00:00', '10:45:00', 'PC408'),
(30, 'Thứ Hai', '07:00:00', '08:45:00', 'PA103'),
(31, 'Thứ Tư', '07:00:00', '08:45:00', 'PA210'),
(31, 'Thứ Ba', '09:00:00', '10:45:00', 'PA209'),
(32, 'Thứ Ba', '15:00:00', '16:45:00', 'PB201'),
(32, 'Thứ Năm', '13:00:00', '14:45:00', 'PB209'),
(32, 'Thứ Sáu', '15:00:00', '16:45:00', 'PA304'),
(32, 'Thứ Năm', '09:00:00', '10:45:00', 'PB506'),
(33, 'Thứ Tư', '09:00:00', '10:45:00', 'PB403'),
(33, 'Thứ Hai', '09:00:00', '10:45:00', 'PA405'),
(34, 'Thứ Năm', '09:00:00', '10:45:00', 'PA301'),
(34, 'Thứ Hai', '15:00:00', '16:45:00', 'PB107'),
(35, 'Thứ Năm', '07:00:00', '08:45:00', 'PC502'),
(35, 'Thứ Ba', '09:00:00', '10:45:00', 'PB402'),
(36, 'Thứ Sáu', '15:00:00', '16:45:00', 'PA306'),
(36, 'Thứ Hai', '15:00:00', '16:45:00', 'PA507'),
(36, 'Thứ Hai', '13:00:00', '14:45:00', 'PB210'),
(36, 'Thứ Bảy', '09:00:00', '10:45:00', 'PC305'),
(37, 'Thứ Bảy', '07:00:00', '08:45:00', 'PB104'),
(37, 'Thứ Hai', '09:00:00', '10:45:00', 'PC203'),
(38, 'Thứ Bảy', '09:00:00', '10:45:00', 'PA107'),
(38, 'Thứ Sáu', '09:00:00', '10:45:00', 'PB202'),
(39, 'Thứ Hai', '09:00:00', '10:45:00', 'PA201'),
(39, 'Thứ Bảy', '09:00:00', '10:45:00', 'PB502'),
(39, 'Thứ Tư', '15:00:00', '16:45:00', 'PB105'),
(39, 'Thứ Ba', '15:00:00', '16:45:00', 'PC502'),
(40, 'Thứ Năm', '15:00:00', '16:45:00', 'PB305'),
(40, 'Thứ Ba', '15:00:00', '16:45:00', 'PB108'),
(40, 'Thứ Ba', '09:00:00', '10:45:00', 'PC207'),
(41, 'Thứ Tư', '15:00:00', '16:45:00', 'PC505'),
(41, 'Thứ Năm', '15:00:00', '16:45:00', 'PB105'),
(41, 'Thứ Hai', '09:00:00', '10:45:00', 'PA402'),
(41, 'Thứ Ba', '07:00:00', '08:45:00', 'PA301'),
(42, 'Thứ Hai', '09:00:00', '10:45:00', 'PA510'),
(42, 'Thứ Hai', '15:00:00', '16:45:00', 'PA104'),
(42, 'Thứ Ba', '13:00:00', '14:45:00', 'PC310'),
(43, 'Thứ Ba', '13:00:00', '14:45:00', 'PB205'),
(43, 'Thứ Ba', '15:00:00', '16:45:00', 'PB403'),
(43, 'Thứ Sáu', '15:00:00', '16:45:00', 'PA403'),
(44, 'Thứ Năm', '13:00:00', '14:45:00', 'PA107'),
(44, 'Thứ Bảy', '07:00:00', '08:45:00', 'PB203'),
(44, 'Thứ Hai', '07:00:00', '08:45:00', 'PC510'),
(44, 'Thứ Tư', '13:00:00', '14:45:00', 'PA107'),
(45, 'Thứ Tư', '15:00:00', '16:45:00', 'PA310'),
(45, 'Thứ Năm', '15:00:00', '16:45:00', 'PB501'),
(45, 'Thứ Sáu', '15:00:00', '16:45:00', 'PC109'),
(45, 'Thứ Sáu', '09:00:00', '10:45:00', 'PC110'),
(46, 'Thứ Sáu', '07:00:00', '08:45:00', 'PA207'),
(46, 'Thứ Bảy', '09:00:00', '10:45:00', 'PB503'),
(46, 'Thứ Bảy', '07:00:00', '08:45:00', 'PA201'),
(47, 'Thứ Năm', '09:00:00', '10:45:00', 'PA302'),
(47, 'Thứ Bảy', '07:00:00', '08:45:00', 'PA206'),
(48, 'Thứ Hai', '13:00:00', '14:45:00', 'PC407'),
(48, 'Thứ Ba', '07:00:00', '08:45:00', 'PC401'),
(48, 'Thứ Sáu', '09:00:00', '10:45:00', 'PC108'),
(49, 'Thứ Bảy', '07:00:00', '08:45:00', 'PC506'),
(49, 'Thứ Tư', '15:00:00', '16:45:00', 'PA403'),
(50, 'Thứ Ba', '15:00:00', '16:45:00', 'PA404'),
(50, 'Thứ Sáu', '07:00:00', '08:45:00', 'PC104'),
(50, 'Thứ Hai', '13:00:00', '14:45:00', 'PB501'),
(51, 'Thứ Năm', '15:00:00', '16:45:00', 'PB506'),
(51, 'Thứ Hai', '09:00:00', '10:45:00', 'PC402'),
(52, 'Thứ Hai', '09:00:00', '10:45:00', 'PA110'),
(52, 'Thứ Hai', '15:00:00', '16:45:00', 'PB109'),
(53, 'Thứ Năm', '07:00:00', '08:45:00', 'PC307'),
(53, 'Thứ Tư', '07:00:00', '08:45:00', 'PC307'),
(54, 'Thứ Sáu', '09:00:00', '10:45:00', 'PB409'),
(54, 'Thứ Sáu', '07:00:00', '08:45:00', 'PB501'),
(55, 'Thứ Năm', '07:00:00', '08:45:00', 'PC109'),
(55, 'Thứ Ba', '07:00:00', '08:45:00', 'PC208'),
(56, 'Thứ Năm', '13:00:00', '14:45:00', 'PA501'),
(56, 'Thứ Tư', '07:00:00', '08:45:00', 'PC510'),
(56, 'Thứ Ba', '13:00:00', '14:45:00', 'PC508'),
(57, 'Thứ Sáu', '13:00:00', '14:45:00', 'PA103'),
(57, 'Thứ Ba', '09:00:00', '10:45:00', 'PA109'),
(57, 'Thứ Bảy', '07:00:00', '08:45:00', 'PC309'),
(58, 'Thứ Hai', '07:00:00', '08:45:00', 'PC504'),
(58, 'Thứ Năm', '09:00:00', '10:45:00', 'PA303'),
(59, 'Thứ Năm', '15:00:00', '16:45:00', 'PA205'),
(59, 'Thứ Sáu', '13:00:00', '14:45:00', 'PB202'),
(59, 'Thứ Ba', '15:00:00', '16:45:00', 'PC503'),
(60, 'Thứ Năm', '13:00:00', '14:45:00', 'PC408'),
(60, 'Thứ Hai', '15:00:00', '16:45:00', 'PC307'),
(60, 'Thứ Ba', '15:00:00', '16:45:00', 'PB208'),
(61, 'Thứ Tư', '15:00:00', '16:45:00', 'PC309'),
(61, 'Thứ Bảy', '09:00:00', '10:45:00', 'PB407'),
(61, 'Thứ Sáu', '07:00:00', '08:45:00', 'PB505'),
(62, 'Thứ Năm', '13:00:00', '14:45:00', 'PC405'),
(62, 'Thứ Hai', '07:00:00', '08:45:00', 'PC202'),
(63, 'Thứ Ba', '09:00:00', '10:45:00', 'PA301'),
(63, 'Thứ Bảy', '09:00:00', '10:45:00', 'PA510'),
(63, 'Thứ Năm', '07:00:00', '08:45:00', 'PB102'),
(63, 'Thứ Hai', '07:00:00', '08:45:00', 'PA305'),
(64, 'Thứ Năm', '07:00:00', '08:45:00', 'PA502'),
(64, 'Thứ Tư', '09:00:00', '10:45:00', 'PB510'),
(65, 'Thứ Bảy', '07:00:00', '08:45:00', 'PC104'),
(65, 'Thứ Năm', '09:00:00', '10:45:00', 'PB101'),
(65, 'Thứ Tư', '09:00:00', '10:45:00', 'PA403'),
(65, 'Thứ Ba', '09:00:00', '10:45:00', 'PB502'),
(66, 'Thứ Hai', '13:00:00', '14:45:00', 'PB303'),
(66, 'Thứ Bảy', '15:00:00', '16:45:00', 'PB110'),
(67, 'Thứ Bảy', '07:00:00', '08:45:00', 'PA104'),
(67, 'Thứ Tư', '07:00:00', '08:45:00', 'PB406'),
(67, 'Thứ Sáu', '15:00:00', '16:45:00', 'PC407'),
(67, 'Thứ Ba', '07:00:00', '08:45:00', 'PC109'),
(68, 'Thứ Bảy', '07:00:00', '08:45:00', 'PB209'),
(68, 'Thứ Sáu', '13:00:00', '14:45:00', 'PA501'),
(68, 'Thứ Sáu', '15:00:00', '16:45:00', 'PC401'),
(69, 'Thứ Tư', '13:00:00', '14:45:00', 'PC506'),
(69, 'Thứ Ba', '09:00:00', '10:45:00', 'PC202'),
(69, 'Thứ Bảy', '13:00:00', '14:45:00', 'PC206'),
(70, 'Thứ Năm', '13:00:00', '14:45:00', 'PC503'),
(70, 'Thứ Bảy', '15:00:00', '16:45:00', 'PC507'),
(71, 'Thứ Sáu', '09:00:00', '10:45:00', 'PA506'),
(71, 'Thứ Tư', '09:00:00', '10:45:00', 'PA506'),
(71, 'Thứ Sáu', '07:00:00', '08:45:00', 'PA503'),
(72, 'Thứ Sáu', '15:00:00', '16:45:00', 'PA204'),
(72, 'Thứ Bảy', '09:00:00', '10:45:00', 'PB303'),
(72, 'Thứ Tư', '15:00:00', '16:45:00', 'PA301'),
(72, 'Thứ Bảy', '07:00:00', '08:45:00', 'PC409'),
(73, 'Thứ Ba', '07:00:00', '08:45:00', 'PB305'),
(73, 'Thứ Bảy', '13:00:00', '14:45:00', 'PA102'),
(73, 'Thứ Sáu', '09:00:00', '10:45:00', 'PB502'),
(73, 'Thứ Tư', '15:00:00', '16:45:00', 'PB306'),
(74, 'Thứ Năm', '09:00:00', '10:45:00', 'PA103'),
(74, 'Thứ Hai', '07:00:00', '08:45:00', 'PA105'),
(74, 'Thứ Sáu', '09:00:00', '10:45:00', 'PA202'),
(75, 'Thứ Hai', '13:00:00', '14:45:00', 'PB508'),
(75, 'Thứ Sáu', '13:00:00', '14:45:00', 'PC104'),
(76, 'Thứ Sáu', '09:00:00', '10:45:00', 'PA203'),
(76, 'Thứ Hai', '13:00:00', '14:45:00', 'PC210'),
(76, 'Thứ Năm', '13:00:00', '14:45:00', 'PA108'),
(77, 'Thứ Ba', '09:00:00', '10:45:00', 'PB206'),
(77, 'Thứ Hai', '09:00:00', '10:45:00', 'PA310'),
(77, 'Thứ Sáu', '13:00:00', '14:45:00', 'PA204'),
(78, 'Thứ Tư', '09:00:00', '10:45:00', 'PA108'),
(78, 'Thứ Ba', '07:00:00', '08:45:00', 'PB503'),
(78, 'Thứ Ba', '13:00:00', '14:45:00', 'PA409'),
(78, 'Thứ Hai', '13:00:00', '14:45:00', 'PB103'),
(79, 'Thứ Năm', '07:00:00', '08:45:00', 'PC309'),
(79, 'Thứ Năm', '13:00:00', '14:45:00', 'PB109'),
(79, 'Thứ Ba', '13:00:00', '14:45:00', 'PA401'),
(79, 'Thứ Năm', '09:00:00', '10:45:00', 'PB302'),
(80, 'Thứ Hai', '09:00:00', '10:45:00', 'PA210'),
(80, 'Thứ Năm', '09:00:00', '10:45:00', 'PB108'),
(80, 'Thứ Năm', '15:00:00', '16:45:00', 'PC307'),
(80, 'Thứ Hai', '15:00:00', '16:45:00', 'PC207');

-- Data for table: enrollments
INSERT INTO enrollments (StudentID, ClassID, EnrollmentDate, CancellationDate, Status, Grade, Score) VALUES
(1, 28, '2026-05-12 00:00:00', NULL, 'Đã đăng ký', NULL, NULL),
(1, 22, '2025-05-15 00:00:00', NULL, 'Đã đăng ký', NULL, NULL),
(2, 25, '2024-01-22 00:00:00', NULL, 'Đã hoàn thành', 'B', 6.3),
(2, 27, '2026-08-01 00:00:00', '2025-08-20 00:00:00', 'Đã hủy', NULL, NULL),
(3, 29, '2026-01-10 00:00:00', '2025-08-20 00:00:00', 'Đã hủy', NULL, NULL),
(3, 24, '2025-01-08 00:00:00', NULL, 'Đã hoàn thành', 'C+', 5.4),
(4, 15, '2024-03-11 00:00:00', NULL, 'Đã hoàn thành', 'A', 8.6),
(4, 8, '2025-06-19 00:00:00', NULL, 'Đã đăng ký', NULL, NULL),
(4, 1, '2024-12-15 00:00:00', NULL, 'Đã hoàn thành', 'B', 6.6),
(4, 17, '2024-05-11 00:00:00', NULL, 'Đã hoàn thành', 'A', 8.8),
(5, 11, '2024-03-21 00:00:00', NULL, 'Rớt môn', 'D+', 2.3),
(5, 6, '2026-01-09 00:00:00', NULL, 'Đã đăng ký', NULL, NULL),
(5, 1, '2024-12-15 00:00:00', NULL, 'Đã hoàn thành', 'A', 9.8),
(5, 18, '2023-12-29 00:00:00', NULL, 'Đã hoàn thành', 'A', 8.5),
(6, 57, '2025-01-23 00:00:00', NULL, 'Đã hoàn thành', 'B', 6.2),
(6, 66, '2026-08-14 00:00:00', NULL, 'Đã đăng ký', NULL, NULL),
(6, 51, '2026-02-09 00:00:00', NULL, 'Đã đăng ký', NULL, NULL),
(6, 64, '2023-09-16 00:00:00', NULL, 'Đã hoàn thành', 'A', 8.6),
(7, 39, '2026-06-16 00:00:00', NULL, 'Đã đăng ký', NULL, NULL),
(7, 34, '2025-01-01 00:00:00', NULL, 'Rớt môn', 'C+', 4.8),
(8, 31, '2024-02-28 00:00:00', NULL, 'Đã hoàn thành', 'A', 9.2),
(8, 36, '2023-09-15 00:00:00', NULL, 'Rớt môn', 'C', 3.4),
(9, 49, '2023-09-23 00:00:00', NULL, 'Rớt môn', 'D', 0.1),
(9, 42, '2023-11-17 00:00:00', NULL, 'Đã hoàn thành', 'B+', 8.1),
(10, 44, '2026-07-05 00:00:00', '2025-08-23 00:00:00', 'Đã hủy', NULL, NULL),
(10, 48, '2026-03-12 00:00:00', '2025-08-24 00:00:00', 'Đã hủy', NULL, NULL),
(11, 78, '2024-11-13 00:00:00', NULL, 'Đã hoàn thành', 'C+', 5.1),
(11, 74, '2025-12-16 00:00:00', '2025-08-20 00:00:00', 'Đã hủy', NULL, NULL),
(12, 42, '2023-11-17 00:00:00', NULL, 'Rớt môn', 'C', 3.1),
(12, 48, '2026-03-07 00:00:00', '2025-08-20 00:00:00', 'Đã hủy', NULL, NULL),
(13, 33, '2026-06-03 00:00:00', NULL, 'Đã đăng ký', NULL, NULL),
(13, 40, '2026-03-06 00:00:00', NULL, 'Đã đăng ký', NULL, NULL),
(14, 56, '2024-08-29 00:00:00', NULL, 'Rớt môn', 'D+', 1.5),
(14, 54, '2026-02-15 00:00:00', NULL, 'Đã đăng ký', NULL, NULL),
(14, 69, '2024-09-10 00:00:00', NULL, 'Rớt môn', 'D', 0.7),
(14, 64, '2023-09-16 00:00:00', NULL, 'Đã hoàn thành', 'C+', 5.2),
(15, 46, '2025-05-05 00:00:00', NULL, 'Đã hoàn thành', 'A', 9.3),
(15, 43, '2024-10-05 00:00:00', NULL, 'Rớt môn', 'D+', 2.4),
(16, 51, '2026-03-01 00:00:00', '2025-08-20 00:00:00', 'Đã hủy', NULL, NULL),
(16, 56, '2024-08-29 00:00:00', NULL, 'Đã hoàn thành', 'A', 9.9),
(16, 63, '2023-10-17 00:00:00', NULL, 'Rớt môn', 'D+', 1.8),
(16, 66, '2026-07-27 00:00:00', NULL, 'Đã đăng ký', NULL, NULL),
(17, 29, '2026-01-07 00:00:00', NULL, 'Đã đăng ký', NULL, NULL),
(17, 23, '2024-05-13 00:00:00', NULL, 'Rớt môn', 'D+', 2.4),
(18, 49, '2023-09-23 00:00:00', NULL, 'Đã hoàn thành', 'B+', 7.7),
(18, 42, '2023-11-17 00:00:00', NULL, 'Đã hoàn thành', 'B+', 8.4),
(19, 16, '2024-08-31 00:00:00', NULL, 'Rớt môn', 'C+', 4.0),
(19, 8, '2025-06-19 00:00:00', NULL, 'Đã đăng ký', NULL, NULL),
(19, 15, '2024-03-11 00:00:00', NULL, 'Rớt môn', 'C+', 4.7),
(19, 2, '2024-04-07 00:00:00', NULL, 'Đã hoàn thành', 'B+', 7.7),
(20, 23, '2024-05-13 00:00:00', NULL, 'Rớt môn', 'C', 3.0),
(20, 26, '2024-11-07 00:00:00', NULL, 'Rớt môn', 'D', 0.4),
(21, 47, '2026-05-20 00:00:00', '2025-08-24 00:00:00', 'Đã hủy', NULL, NULL),
(21, 41, '2025-03-12 00:00:00', NULL, 'Đã hoàn thành', 'B', 6.8),
(22, 20, '2025-10-07 00:00:00', '2025-08-24 00:00:00', 'Đã hủy', NULL, NULL),
(22, 15, '2024-03-11 00:00:00', NULL, 'Rớt môn', 'C', 3.1),
(22, 2, '2024-04-07 00:00:00', NULL, 'Rớt môn', 'D+', 2.1),
(22, 8, '2025-06-19 00:00:00', NULL, 'Đã đăng ký', NULL, NULL),
(23, 29, '2026-01-06 00:00:00', '2025-08-22 00:00:00', 'Đã hủy', NULL, NULL),
(23, 24, '2025-01-08 00:00:00', NULL, 'Đã hoàn thành', 'B', 5.5),
(24, 76, '2024-09-24 00:00:00', NULL, 'Rớt môn', 'C', 3.9),
(24, 72, '2024-10-15 00:00:00', NULL, 'Rớt môn', 'D', 1.3),
(25, 37, '2024-10-13 00:00:00', NULL, 'Rớt môn', 'C+', 4.7),
(25, 34, '2025-01-01 00:00:00', NULL, 'Rớt môn', 'C', 3.4),
(26, 78, '2024-11-13 00:00:00', NULL, 'Rớt môn', 'D', 0.9),
(26, 72, '2024-10-15 00:00:00', NULL, 'Đã hoàn thành', 'B+', 7.0),
(27, 76, '2024-09-24 00:00:00', NULL, 'Đã hoàn thành', 'B+', 7.3),
(27, 72, '2024-10-15 00:00:00', NULL, 'Đã hoàn thành', 'A', 8.8),
(28, 28, '2026-05-05 00:00:00', '2025-08-20 00:00:00', 'Đã hủy', NULL, NULL),
(28, 25, '2024-01-22 00:00:00', NULL, 'Rớt môn', 'D+', 2.3),
(29, 76, '2024-09-24 00:00:00', NULL, 'Đã hoàn thành', 'C+', 5.1),
(29, 72, '2024-10-15 00:00:00', NULL, 'Đã hoàn thành', 'A', 9.8),
(30, 20, '2025-10-06 00:00:00', '2025-08-23 00:00:00', 'Đã hủy', NULL, NULL),
(30, 8, '2025-06-19 00:00:00', NULL, 'Đã đăng ký', NULL, NULL),
(30, 2, '2024-04-07 00:00:00', NULL, 'Rớt môn', 'C', 3.1),
(30, 15, '2024-03-11 00:00:00', NULL, 'Đã hoàn thành', 'B+', 8.2),
(31, 72, '2024-10-15 00:00:00', NULL, 'Đã hoàn thành', 'C+', 5.4),
(31, 79, '2026-04-30 00:00:00', '2025-08-20 00:00:00', 'Đã hủy', NULL, NULL),
(32, 10, '2024-02-03 00:00:00', NULL, 'Đã hoàn thành', 'B+', 7.8),
(32, 1, '2024-12-15 00:00:00', NULL, 'Đã hoàn thành', 'B', 5.5),
(32, 17, '2024-05-11 00:00:00', NULL, 'Đã hoàn thành', 'B', 6.4),
(32, 11, '2024-03-21 00:00:00', NULL, 'Rớt môn', 'D+', 2.1),
(33, 36, '2023-09-15 00:00:00', NULL, 'Rớt môn', 'D+', 2.2),
(33, 35, '2026-07-01 00:00:00', NULL, 'Đã đăng ký', NULL, NULL),
(34, 16, '2024-08-31 00:00:00', NULL, 'Rớt môn', 'C', 3.8),
(34, 4, '2024-08-03 00:00:00', NULL, 'Rớt môn', 'D', 0.6),
(34, 10, '2024-02-03 00:00:00', NULL, 'Rớt môn', 'C', 3.3),
(34, 11, '2024-03-21 00:00:00', NULL, 'Rớt môn', 'C', 3.6),
(35, 50, '2024-12-16 00:00:00', NULL, 'Rớt môn', 'C+', 4.2),
(35, 44, '2026-07-23 00:00:00', NULL, 'Đã đăng ký', NULL, NULL),
(36, 79, '2026-04-18 00:00:00', NULL, 'Đã đăng ký', NULL, NULL),
(36, 73, '2026-07-29 00:00:00', '2025-08-21 00:00:00', 'Đã hủy', NULL, NULL),
(37, 62, '2025-04-10 00:00:00', NULL, 'Đã hoàn thành', 'C+', 5.2),
(37, 54, '2026-03-01 00:00:00', NULL, 'Đã đăng ký', NULL, NULL),
(37, 59, '2023-09-03 00:00:00', NULL, 'Rớt môn', 'D', 0.6),
(37, 67, '2026-02-19 00:00:00', '2025-08-22 00:00:00', 'Đã hủy', NULL, NULL),
(38, 55, '2026-08-02 00:00:00', '2025-08-24 00:00:00', 'Đã hủy', NULL, NULL),
(38, 60, '2026-07-27 00:00:00', NULL, 'Đã đăng ký', NULL, NULL),
(38, 66, '2026-08-24 00:00:00', NULL, 'Đã đăng ký', NULL, NULL),
(38, 65, '2026-05-07 00:00:00', '2025-08-22 00:00:00', 'Đã hủy', NULL, NULL),
(39, 44, '2026-06-27 00:00:00', NULL, 'Đã đăng ký', NULL, NULL),
(39, 48, '2026-02-19 00:00:00', NULL, 'Đã đăng ký', NULL, NULL),
(40, 64, '2023-09-16 00:00:00', NULL, 'Đã hoàn thành', 'A', 9.1),
(40, 58, '2025-11-26 00:00:00', NULL, 'Đã đăng ký', NULL, NULL),
(40, 68, '2023-10-30 00:00:00', NULL, 'Rớt môn', 'C+', 4.9),
(40, 51, '2026-02-19 00:00:00', NULL, 'Đã đăng ký', NULL, NULL),
(41, 30, '2024-06-22 00:00:00', NULL, 'Rớt môn', 'D+', 2.9),
(41, 24, '2025-01-08 00:00:00', NULL, 'Đã hoàn thành', 'B+', 7.0),
(42, 73, '2026-07-24 00:00:00', '2025-08-22 00:00:00', 'Đã hủy', NULL, NULL),
(42, 80, '2025-06-12 00:00:00', NULL, 'Đã đăng ký', NULL, NULL),
(43, 18, '2023-12-29 00:00:00', NULL, 'Rớt môn', 'D+', 2.0),
(43, 5, '2026-01-31 00:00:00', '2025-08-26 00:00:00', 'Đã hủy', NULL, NULL),
(43, 9, '2026-06-08 00:00:00', NULL, 'Đã đăng ký', NULL, NULL),
(43, 11, '2024-03-21 00:00:00', NULL, 'Đã hoàn thành', 'B+', 7.5),
(44, 44, '2026-06-30 00:00:00', NULL, 'Đã đăng ký', NULL, NULL),
(44, 48, '2026-02-28 00:00:00', '2025-08-25 00:00:00', 'Đã hủy', NULL, NULL),
(45, 25, '2024-01-22 00:00:00', NULL, 'Đã hoàn thành', 'C+', 5.3),
(45, 27, '2026-08-01 00:00:00', NULL, 'Đã đăng ký', NULL, NULL),
(46, 66, '2026-08-04 00:00:00', '2025-08-25 00:00:00', 'Đã hủy', NULL, NULL),
(46, 62, '2025-04-10 00:00:00', NULL, 'Đã hoàn thành', 'B', 6.1),
(46, 51, '2026-02-19 00:00:00', NULL, 'Đã đăng ký', NULL, NULL),
(46, 57, '2025-01-23 00:00:00', NULL, 'Đã hoàn thành', 'B+', 8.1),
(47, 17, '2024-05-11 00:00:00', NULL, 'Đã hoàn thành', 'A', 9.3),
(47, 15, '2024-03-11 00:00:00', NULL, 'Đã hoàn thành', 'C+', 5.1),
(47, 3, '2025-11-22 00:00:00', NULL, 'Đã đăng ký', NULL, NULL),
(47, 9, '2026-05-17 00:00:00', NULL, 'Đã đăng ký', NULL, NULL),
(48, 27, '2026-07-18 00:00:00', NULL, 'Đã đăng ký', NULL, NULL),
(48, 25, '2024-01-22 00:00:00', NULL, 'Rớt môn', 'D+', 2.2),
(49, 15, '2024-03-11 00:00:00', NULL, 'Rớt môn', 'D+', 2.7),
(49, 17, '2024-05-11 00:00:00', NULL, 'Rớt môn', 'D+', 2.6),
(49, 3, '2025-11-24 00:00:00', NULL, 'Đã đăng ký', NULL, NULL),
(49, 9, '2026-05-19 00:00:00', NULL, 'Đã đăng ký', NULL, NULL),
(50, 39, '2026-06-09 00:00:00', NULL, 'Đã đăng ký', NULL, NULL),
(50, 34, '2025-01-01 00:00:00', NULL, 'Đã hoàn thành', 'A', 9.7),
(51, 70, '2025-08-27 00:00:00', NULL, 'Đã đăng ký', NULL, NULL),
(51, 64, '2023-09-16 00:00:00', NULL, 'Đã hoàn thành', 'B', 5.7),
(51, 52, '2024-05-27 00:00:00', NULL, 'Đã hoàn thành', 'A', 8.7),
(51, 57, '2025-01-23 00:00:00', NULL, 'Rớt môn', 'C', 3.5),
(52, 12, '2025-01-14 00:00:00', NULL, 'Đã hoàn thành', 'C+', 5.4),
(52, 8, '2025-06-19 00:00:00', NULL, 'Đã đăng ký', NULL, NULL),
(52, 19, '2023-12-07 00:00:00', NULL, 'Rớt môn', 'D+', 2.6),
(52, 5, '2026-02-10 00:00:00', '2025-08-23 00:00:00', 'Đã hủy', NULL, NULL),
(53, 30, '2024-06-22 00:00:00', NULL, 'Rớt môn', 'D+', 1.6),
(53, 22, '2025-05-15 00:00:00', NULL, 'Đã đăng ký', NULL, NULL),
(54, 64, '2023-09-16 00:00:00', NULL, 'Đã hoàn thành', 'A', 10.0),
(54, 67, '2026-03-10 00:00:00', '2025-08-23 00:00:00', 'Đã hủy', NULL, NULL),
(54, 54, '2026-02-14 00:00:00', '2025-08-20 00:00:00', 'Đã hủy', NULL, NULL),
(54, 58, '2025-11-15 00:00:00', '2025-08-22 00:00:00', 'Đã hủy', NULL, NULL),
(55, 79, '2026-04-11 00:00:00', NULL, 'Đã đăng ký', NULL, NULL),
(55, 71, '2024-10-17 00:00:00', NULL, 'Rớt môn', 'D+', 2.7),
(56, 23, '2024-05-13 00:00:00', NULL, 'Đã hoàn thành', 'B', 6.4),
(56, 26, '2024-11-07 00:00:00', NULL, 'Đã hoàn thành', 'A', 9.1),
(57, 73, '2026-08-12 00:00:00', '2025-08-25 00:00:00', 'Đã hủy', NULL, NULL),
(57, 79, '2026-04-26 00:00:00', '2025-08-21 00:00:00', 'Đã hủy', NULL, NULL),
(58, 45, '2024-01-14 00:00:00', NULL, 'Đã hoàn thành', 'B+', 7.5),
(58, 46, '2025-05-05 00:00:00', NULL, 'Đã hoàn thành', 'B+', 8.1),
(59, 32, '2024-10-02 00:00:00', NULL, 'Đã hoàn thành', 'B+', 7.7),
(59, 38, '2025-10-12 00:00:00', '2025-08-22 00:00:00', 'Đã hủy', NULL, NULL),
(60, 36, '2023-09-15 00:00:00', NULL, 'Rớt môn', 'C', 3.7),
(60, 35, '2026-06-23 00:00:00', NULL, 'Đã đăng ký', NULL, NULL),
(61, 5, '2026-01-29 00:00:00', '2025-08-26 00:00:00', 'Đã hủy', NULL, NULL),
(61, 14, '2026-02-28 00:00:00', '2025-08-24 00:00:00', 'Đã hủy', NULL, NULL),
(61, 20, '2025-10-21 00:00:00', '2025-08-21 00:00:00', 'Đã hủy', NULL, NULL),
(61, 6, '2026-01-17 00:00:00', '2025-08-20 00:00:00', 'Đã hủy', NULL, NULL),
(62, 52, '2024-05-27 00:00:00', NULL, 'Đã hoàn thành', 'B+', 7.5),
(62, 70, '2025-08-27 00:00:00', NULL, 'Đã đăng ký', NULL, NULL),
(62, 59, '2023-09-03 00:00:00', NULL, 'Rớt môn', 'D+', 1.8),
(62, 61, '2024-06-04 00:00:00', NULL, 'Rớt môn', 'D', 1.4),
(63, 33, '2026-06-12 00:00:00', NULL, 'Đã đăng ký', NULL, NULL),
(63, 36, '2023-09-15 00:00:00', NULL, 'Rớt môn', 'C+', 4.0),
(64, 12, '2025-01-14 00:00:00', NULL, 'Rớt môn', 'D', 0.9),
(64, 19, '2023-12-07 00:00:00', NULL, 'Đã hoàn thành', 'B', 6.2),
(64, 2, '2024-04-07 00:00:00', NULL, 'Đã hoàn thành', 'B+', 8.2),
(64, 8, '2025-06-19 00:00:00', NULL, 'Đã đăng ký', NULL, NULL),
(65, 50, '2024-12-16 00:00:00', NULL, 'Rớt môn', 'D', 0.1),
(65, 45, '2024-01-14 00:00:00', NULL, 'Đã hoàn thành', 'B+', 8.1),
(66, 52, '2024-05-27 00:00:00', NULL, 'Đã hoàn thành', 'A', 9.3),
(66, 59, '2023-09-03 00:00:00', NULL, 'Đã hoàn thành', 'B+', 7.1),
(66, 61, '2024-06-04 00:00:00', NULL, 'Rớt môn', 'D+', 1.6),
(66, 67, '2026-02-25 00:00:00', NULL, 'Đã đăng ký', NULL, NULL),
(67, 77, '2025-03-27 00:00:00', NULL, 'Đã hoàn thành', 'B+', 7.1),
(67, 74, '2025-12-13 00:00:00', NULL, 'Đã đăng ký', NULL, NULL),
(68, 44, '2026-07-05 00:00:00', '2025-08-21 00:00:00', 'Đã hủy', NULL, NULL),
(68, 50, '2024-12-16 00:00:00', NULL, 'Đã hoàn thành', 'A', 9.7),
(69, 38, '2025-10-05 00:00:00', '2025-08-23 00:00:00', 'Đã hủy', NULL, NULL),
(69, 32, '2024-10-02 00:00:00', NULL, 'Đã hoàn thành', 'B+', 7.2),
(70, 26, '2024-11-07 00:00:00', NULL, 'Rớt môn', 'D+', 1.5),
(70, 23, '2024-05-13 00:00:00', NULL, 'Đã hoàn thành', 'C+', 5.0),
(71, 69, '2024-09-10 00:00:00', NULL, 'Đã hoàn thành', 'B+', 7.8),
(71, 60, '2026-08-05 00:00:00', NULL, 'Đã đăng ký', NULL, NULL),
(71, 61, '2024-06-04 00:00:00', NULL, 'Đã hoàn thành', 'B+', 7.4),
(71, 55, '2026-07-15 00:00:00', '2025-08-22 00:00:00', 'Đã hủy', NULL, NULL),
(72, 61, '2024-06-04 00:00:00', NULL, 'Rớt môn', 'D', 1.1),
(72, 52, '2024-05-27 00:00:00', NULL, 'Đã hoàn thành', 'C+', 5.4),
(72, 69, '2024-09-10 00:00:00', NULL, 'Rớt môn', 'D+', 2.9),
(72, 58, '2025-11-16 00:00:00', NULL, 'Đã đăng ký', NULL, NULL),
(73, 34, '2025-01-01 00:00:00', NULL, 'Đã hoàn thành', 'B', 5.6),
(73, 38, '2025-09-21 00:00:00', NULL, 'Đã đăng ký', NULL, NULL),
(74, 31, '2024-02-28 00:00:00', NULL, 'Đã hoàn thành', 'B+', 7.4),
(74, 38, '2025-10-05 00:00:00', NULL, 'Đã đăng ký', NULL, NULL),
(75, 52, '2024-05-27 00:00:00', NULL, 'Đã hoàn thành', 'B', 6.4),
(75, 63, '2023-10-17 00:00:00', NULL, 'Đã hoàn thành', 'B', 6.9),
(75, 67, '2026-03-08 00:00:00', NULL, 'Đã đăng ký', NULL, NULL),
(75, 59, '2023-09-03 00:00:00', NULL, 'Rớt môn', 'C+', 4.1),
(76, 37, '2024-10-13 00:00:00', NULL, 'Rớt môn', 'C+', 4.0),
(76, 32, '2024-10-02 00:00:00', NULL, 'Đã hoàn thành', 'B', 6.6),
(77, 13, '2025-02-15 00:00:00', NULL, 'Rớt môn', 'D+', 2.5),
(77, 18, '2023-12-29 00:00:00', NULL, 'Đã hoàn thành', 'A', 9.3),
(77, 6, '2026-01-06 00:00:00', NULL, 'Đã đăng ký', NULL, NULL),
(77, 1, '2024-12-15 00:00:00', NULL, 'Rớt môn', 'D+', 2.6),
(78, 80, '2025-06-12 00:00:00', NULL, 'Đã đăng ký', NULL, NULL),
(78, 75, '2024-12-16 00:00:00', NULL, 'Đã hoàn thành', 'A', 9.4),
(79, 63, '2023-10-17 00:00:00', NULL, 'Rớt môn', 'C+', 4.5),
(79, 56, '2024-08-29 00:00:00', NULL, 'Đã hoàn thành', 'C+', 5.0),
(79, 54, '2026-02-12 00:00:00', '2025-08-26 00:00:00', 'Đã hủy', NULL, NULL),
(79, 68, '2023-10-30 00:00:00', NULL, 'Rớt môn', 'D', 1.2),
(80, 75, '2024-12-16 00:00:00', NULL, 'Rớt môn', 'C', 3.9),
(80, 80, '2025-06-12 00:00:00', NULL, 'Đã đăng ký', NULL, NULL),
(81, 18, '2023-12-29 00:00:00', NULL, 'Rớt môn', 'C+', 4.9),
(81, 4, '2024-08-03 00:00:00', NULL, 'Rớt môn', 'C+', 4.2),
(81, 6, '2026-01-22 00:00:00', NULL, 'Đã đăng ký', NULL, NULL),
(81, 11, '2024-03-21 00:00:00', NULL, 'Rớt môn', 'C+', 4.4),
(82, 66, '2026-08-19 00:00:00', NULL, 'Đã đăng ký', NULL, NULL),
(82, 59, '2023-09-03 00:00:00', NULL, 'Đã hoàn thành', 'B+', 8.0),
(82, 63, '2023-10-17 00:00:00', NULL, 'Rớt môn', 'D', 0.8),
(82, 52, '2024-05-27 00:00:00', NULL, 'Rớt môn', 'C', 3.1),
(83, 5, '2026-02-04 00:00:00', '2025-08-23 00:00:00', 'Đã hủy', NULL, NULL),
(83, 11, '2024-03-21 00:00:00', NULL, 'Rớt môn', 'D+', 1.5),
(83, 6, '2026-01-06 00:00:00', '2025-08-26 00:00:00', 'Đã hủy', NULL, NULL),
(83, 16, '2024-08-31 00:00:00', NULL, 'Đã hoàn thành', 'B', 5.9),
(84, 14, '2026-02-11 00:00:00', NULL, 'Đã đăng ký', NULL, NULL),
(84, 18, '2023-12-29 00:00:00', NULL, 'Rớt môn', 'C', 3.2),
(84, 5, '2026-02-05 00:00:00', '2025-08-25 00:00:00', 'Đã hủy', NULL, NULL),
(84, 8, '2025-06-19 00:00:00', NULL, 'Đã đăng ký', NULL, NULL),
(85, 66, '2026-08-05 00:00:00', '2025-08-21 00:00:00', 'Đã hủy', NULL, NULL),
(85, 56, '2024-08-29 00:00:00', NULL, 'Rớt môn', 'C', 3.7),
(85, 61, '2024-06-04 00:00:00', NULL, 'Đã hoàn thành', 'B+', 8.1),
(85, 52, '2024-05-27 00:00:00', NULL, 'Rớt môn', 'D', 0.8),
(86, 45, '2024-01-14 00:00:00', NULL, 'Đã hoàn thành', 'B', 6.0),
(86, 46, '2025-05-05 00:00:00', NULL, 'Đã hoàn thành', 'B', 5.6),
(87, 1, '2024-12-15 00:00:00', NULL, 'Rớt môn', 'C+', 4.7),
(87, 10, '2024-02-03 00:00:00', NULL, 'Đã hoàn thành', 'A', 8.9),
(87, 17, '2024-05-11 00:00:00', NULL, 'Rớt môn', 'D', 1.2),
(87, 14, '2026-03-08 00:00:00', NULL, 'Đã đăng ký', NULL, NULL),
(88, 38, '2025-09-21 00:00:00', NULL, 'Đã đăng ký', NULL, NULL),
(88, 34, '2025-01-01 00:00:00', NULL, 'Đã hoàn thành', 'B+', 7.3),
(89, 48, '2026-03-03 00:00:00', NULL, 'Đã đăng ký', NULL, NULL),
(89, 42, '2023-11-17 00:00:00', NULL, 'Rớt môn', 'D+', 1.8),
(90, 19, '2023-12-07 00:00:00', NULL, 'Rớt môn', 'C+', 4.0),
(90, 3, '2025-12-06 00:00:00', NULL, 'Đã đăng ký', NULL, NULL),
(90, 15, '2024-03-11 00:00:00', NULL, 'Rớt môn', 'D+', 1.6),
(90, 9, '2026-05-12 00:00:00', '2025-08-22 00:00:00', 'Đã hủy', NULL, NULL),
(91, 57, '2025-01-23 00:00:00', NULL, 'Đã hoàn thành', 'A', 9.0),
(91, 64, '2023-09-16 00:00:00', NULL, 'Rớt môn', 'D+', 1.8),
(91, 70, '2025-08-27 00:00:00', NULL, 'Đã đăng ký', NULL, NULL),
(91, 52, '2024-05-27 00:00:00', NULL, 'Đã hoàn thành', 'A', 9.1),
(92, 29, '2026-01-23 00:00:00', NULL, 'Đã đăng ký', NULL, NULL),
(92, 24, '2025-01-08 00:00:00', NULL, 'Đã hoàn thành', 'A', 9.1),
(93, 29, '2026-01-20 00:00:00', NULL, 'Đã đăng ký', NULL, NULL),
(93, 23, '2024-05-13 00:00:00', NULL, 'Đã hoàn thành', 'A', 9.5),
(94, 46, '2025-05-05 00:00:00', NULL, 'Đã hoàn thành', 'B+', 7.2),
(94, 43, '2024-10-05 00:00:00', NULL, 'Đã hoàn thành', 'A', 9.3),
(95, 39, '2026-06-30 00:00:00', '2025-08-20 00:00:00', 'Đã hủy', NULL, NULL),
(95, 35, '2026-06-28 00:00:00', '2025-08-23 00:00:00', 'Đã hủy', NULL, NULL),
(96, 22, '2025-05-15 00:00:00', NULL, 'Đã đăng ký', NULL, NULL),
(96, 28, '2026-05-26 00:00:00', '2025-08-21 00:00:00', 'Đã hủy', NULL, NULL),
(97, 31, '2024-02-28 00:00:00', NULL, 'Đã hoàn thành', 'B+', 8.4),
(97, 38, '2025-10-02 00:00:00', '2025-08-26 00:00:00', 'Đã hủy', NULL, NULL),
(98, 45, '2024-01-14 00:00:00', NULL, 'Rớt môn', 'D', 1.1),
(98, 46, '2025-05-05 00:00:00', NULL, 'Rớt môn', 'D+', 2.4),
(99, 46, '2025-05-05 00:00:00', NULL, 'Đã hoàn thành', 'B+', 7.1),
(99, 42, '2023-11-17 00:00:00', NULL, 'Rớt môn', 'C+', 4.6),
(100, 34, '2025-01-01 00:00:00', NULL, 'Đã hoàn thành', 'B+', 8.1),
(100, 37, '2024-10-13 00:00:00', NULL, 'Đã hoàn thành', 'A', 8.8),
(101, 48, '2026-03-02 00:00:00', NULL, 'Đã đăng ký', NULL, NULL),
(101, 44, '2026-07-02 00:00:00', '2025-08-22 00:00:00', 'Đã hủy', NULL, NULL),
(102, 44, '2026-07-24 00:00:00', NULL, 'Đã đăng ký', NULL, NULL),
(102, 48, '2026-03-03 00:00:00', NULL, 'Đã đăng ký', NULL, NULL),
(103, 46, '2025-05-05 00:00:00', NULL, 'Rớt môn', 'D', 0.5),
(103, 43, '2024-10-05 00:00:00', NULL, 'Rớt môn', 'D+', 2.1),
(104, 35, '2026-06-28 00:00:00', '2025-08-26 00:00:00', 'Đã hủy', NULL, NULL),
(104, 36, '2023-09-15 00:00:00', NULL, 'Đã hoàn thành', 'A', 9.0),
(105, 59, '2023-09-03 00:00:00', NULL, 'Đã hoàn thành', 'B+', 8.0),
(105, 54, '2026-02-23 00:00:00', '2025-08-24 00:00:00', 'Đã hủy', NULL, NULL),
(105, 63, '2023-10-17 00:00:00', NULL, 'Đã hoàn thành', 'A', 9.5),
(105, 66, '2026-07-30 00:00:00', '2025-08-22 00:00:00', 'Đã hủy', NULL, NULL),
(106, 25, '2024-01-22 00:00:00', NULL, 'Đã hoàn thành', 'C+', 5.1),
(106, 28, '2026-05-09 00:00:00', '2025-08-23 00:00:00', 'Đã hủy', NULL, NULL),
(107, 51, '2026-02-14 00:00:00', NULL, 'Đã đăng ký', NULL, NULL),
(107, 57, '2025-01-23 00:00:00', NULL, 'Rớt môn', 'D', 0.8),
(107, 62, '2025-04-10 00:00:00', NULL, 'Rớt môn', 'C+', 4.6),
(107, 66, '2026-08-25 00:00:00', '2025-08-25 00:00:00', 'Đã hủy', NULL, NULL),
(108, 23, '2024-05-13 00:00:00', NULL, 'Đã hoàn thành', 'A', 9.4),
(108, 26, '2024-11-07 00:00:00', NULL, 'Rớt môn', 'D+', 2.0),
(109, 69, '2024-09-10 00:00:00', NULL, 'Đã hoàn thành', 'B+', 8.4),
(109, 56, '2024-08-29 00:00:00', NULL, 'Đã hoàn thành', 'B+', 7.8),
(109, 61, '2024-06-04 00:00:00', NULL, 'Đã hoàn thành', 'B+', 7.5),
(109, 51, '2026-02-12 00:00:00', '2025-08-25 00:00:00', 'Đã hủy', NULL, NULL),
(110, 3, '2025-11-13 00:00:00', NULL, 'Đã đăng ký', NULL, NULL),
(110, 13, '2025-02-15 00:00:00', NULL, 'Đã hoàn thành', 'A', 9.6),
(110, 7, '2024-11-26 00:00:00', NULL, 'Rớt môn', 'C', 3.0),
(110, 18, '2023-12-29 00:00:00', NULL, 'Đã hoàn thành', 'B', 5.5),
(111, 13, '2025-02-15 00:00:00', NULL, 'Đã hoàn thành', 'A', 8.7),
(111, 3, '2025-12-03 00:00:00', NULL, 'Đã đăng ký', NULL, NULL),
(111, 19, '2023-12-07 00:00:00', NULL, 'Đã hoàn thành', 'B+', 7.4),
(111, 9, '2026-05-26 00:00:00', NULL, 'Đã đăng ký', NULL, NULL),
(112, 47, '2026-05-25 00:00:00', '2025-08-20 00:00:00', 'Đã hủy', NULL, NULL),
(112, 43, '2024-10-05 00:00:00', NULL, 'Rớt môn', 'D+', 1.5),
(113, 28, '2026-05-26 00:00:00', NULL, 'Đã đăng ký', NULL, NULL),
(113, 25, '2024-01-22 00:00:00', NULL, 'Đã hoàn thành', 'B+', 7.2),
(114, 37, '2024-10-13 00:00:00', NULL, 'Rớt môn', 'D', 0.9),
(114, 32, '2024-10-02 00:00:00', NULL, 'Đã hoàn thành', 'A', 9.2),
(115, 46, '2025-05-05 00:00:00', NULL, 'Đã hoàn thành', 'A', 9.9),
(115, 41, '2025-03-12 00:00:00', NULL, 'Rớt môn', 'D', 0.5),
(116, 34, '2025-01-01 00:00:00', NULL, 'Rớt môn', 'C', 3.0),
(116, 38, '2025-10-14 00:00:00', NULL, 'Đã đăng ký', NULL, NULL),
(117, 55, '2026-07-26 00:00:00', '2025-08-25 00:00:00', 'Đã hủy', NULL, NULL),
(117, 57, '2025-01-23 00:00:00', NULL, 'Rớt môn', 'C+', 4.5),
(117, 66, '2026-08-14 00:00:00', NULL, 'Đã đăng ký', NULL, NULL),
(117, 61, '2024-06-04 00:00:00', NULL, 'Rớt môn', 'D', 0.7),
(118, 39, '2026-06-24 00:00:00', NULL, 'Đã đăng ký', NULL, NULL),
(118, 34, '2025-01-01 00:00:00', NULL, 'Đã hoàn thành', 'A', 9.1),
(119, 39, '2026-06-08 00:00:00', '2025-08-24 00:00:00', 'Đã hủy', NULL, NULL),
(119, 31, '2024-02-28 00:00:00', NULL, 'Đã hoàn thành', 'B+', 7.0),
(120, 31, '2024-02-28 00:00:00', NULL, 'Đã hoàn thành', 'A', 9.6),
(120, 38, '2025-10-05 00:00:00', '2025-08-25 00:00:00', 'Đã hủy', NULL, NULL),
(121, 51, '2026-02-12 00:00:00', '2025-08-21 00:00:00', 'Đã hủy', NULL, NULL),
(121, 69, '2024-09-10 00:00:00', NULL, 'Rớt môn', 'D+', 1.9),
(121, 56, '2024-08-29 00:00:00', NULL, 'Rớt môn', 'D', 0.5),
(121, 61, '2024-06-04 00:00:00', NULL, 'Rớt môn', 'C', 3.6),
(122, 44, '2026-07-15 00:00:00', '2025-08-26 00:00:00', 'Đã hủy', NULL, NULL),
(122, 50, '2024-12-16 00:00:00', NULL, 'Rớt môn', 'C', 3.2),
(123, 19, '2023-12-07 00:00:00', NULL, 'Đã hoàn thành', 'B', 6.4),
(123, 15, '2024-03-11 00:00:00', NULL, 'Đã hoàn thành', 'A', 9.7),
(123, 3, '2025-11-13 00:00:00', '2025-08-24 00:00:00', 'Đã hủy', NULL, NULL),
(123, 9, '2026-05-30 00:00:00', '2025-08-20 00:00:00', 'Đã hủy', NULL, NULL),
(124, 45, '2024-01-14 00:00:00', NULL, 'Rớt môn', 'C', 3.6),
(124, 46, '2025-05-05 00:00:00', NULL, 'Rớt môn', 'D', 0.3),
(125, 39, '2026-07-02 00:00:00', '2025-08-25 00:00:00', 'Đã hủy', NULL, NULL),
(125, 35, '2026-07-21 00:00:00', '2025-08-24 00:00:00', 'Đã hủy', NULL, NULL),
(126, 78, '2024-11-13 00:00:00', NULL, 'Rớt môn', 'C', 3.0),
(126, 72, '2024-10-15 00:00:00', NULL, 'Rớt môn', 'C+', 4.3),
(127, 46, '2025-05-05 00:00:00', NULL, 'Đã hoàn thành', 'B+', 7.6),
(127, 41, '2025-03-12 00:00:00', NULL, 'Đã hoàn thành', 'B+', 8.3),
(128, 28, '2026-05-01 00:00:00', NULL, 'Đã đăng ký', NULL, NULL),
(128, 23, '2024-05-13 00:00:00', NULL, 'Đã hoàn thành', 'A', 9.8),
(129, 47, '2026-06-01 00:00:00', NULL, 'Đã đăng ký', NULL, NULL),
(129, 41, '2025-03-12 00:00:00', NULL, 'Đã hoàn thành', 'C+', 5.4),
(130, 31, '2024-02-28 00:00:00', NULL, 'Rớt môn', 'D+', 1.8),
(130, 37, '2024-10-13 00:00:00', NULL, 'Rớt môn', 'D', 0.8),
(131, 75, '2024-12-16 00:00:00', NULL, 'Đã hoàn thành', 'B+', 7.6),
(131, 80, '2025-06-12 00:00:00', NULL, 'Đã đăng ký', NULL, NULL),
(132, 35, '2026-07-15 00:00:00', NULL, 'Đã đăng ký', NULL, NULL),
(132, 38, '2025-10-11 00:00:00', '2025-08-22 00:00:00', 'Đã hủy', NULL, NULL),
(133, 32, '2024-10-02 00:00:00', NULL, 'Rớt môn', 'C', 3.5),
(133, 37, '2024-10-13 00:00:00', NULL, 'Rớt môn', 'D', 1.1),
(134, 21, '2024-01-04 00:00:00', NULL, 'Đã hoàn thành', 'B+', 7.3),
(134, 27, '2026-07-12 00:00:00', '2025-08-25 00:00:00', 'Đã hủy', NULL, NULL),
(135, 32, '2024-10-02 00:00:00', NULL, 'Đã hoàn thành', 'A', 9.6),
(135, 38, '2025-09-24 00:00:00', '2025-08-26 00:00:00', 'Đã hủy', NULL, NULL),
(136, 76, '2024-09-24 00:00:00', NULL, 'Đã hoàn thành', 'A', 9.7),
(136, 72, '2024-10-15 00:00:00', NULL, 'Đã hoàn thành', 'A', 10.0),
(137, 40, '2026-03-20 00:00:00', '2025-08-22 00:00:00', 'Đã hủy', NULL, NULL),
(137, 34, '2025-01-01 00:00:00', NULL, 'Đã hoàn thành', 'A', 9.3),
(138, 37, '2024-10-13 00:00:00', NULL, 'Đã hoàn thành', 'A', 9.7),
(138, 32, '2024-10-02 00:00:00', NULL, 'Đã hoàn thành', 'C+', 5.2),
(139, 67, '2026-02-20 00:00:00', '2025-08-22 00:00:00', 'Đã hủy', NULL, NULL),
(139, 59, '2023-09-03 00:00:00', NULL, 'Rớt môn', 'D+', 1.5),
(139, 64, '2023-09-16 00:00:00', NULL, 'Rớt môn', 'C+', 4.8),
(139, 52, '2024-05-27 00:00:00', NULL, 'Rớt môn', 'D', 1.0),
(140, 46, '2025-05-05 00:00:00', NULL, 'Đã hoàn thành', 'B', 5.6),
(140, 42, '2023-11-17 00:00:00', NULL, 'Rớt môn', 'C+', 4.4),
(141, 8, '2025-06-19 00:00:00', NULL, 'Đã đăng ký', NULL, NULL),
(141, 19, '2023-12-07 00:00:00', NULL, 'Đã hoàn thành', 'B+', 7.0),
(141, 14, '2026-02-23 00:00:00', NULL, 'Đã đăng ký', NULL, NULL),
(141, 4, '2024-08-03 00:00:00', NULL, 'Đã hoàn thành', 'B+', 7.0),
(142, 66, '2026-08-09 00:00:00', NULL, 'Đã đăng ký', NULL, NULL),
(142, 61, '2024-06-04 00:00:00', NULL, 'Đã hoàn thành', 'B', 6.4),
(142, 52, '2024-05-27 00:00:00', NULL, 'Đã hoàn thành', 'B', 5.6),
(142, 57, '2025-01-23 00:00:00', NULL, 'Đã hoàn thành', 'B', 5.7),
(143, 26, '2024-11-07 00:00:00', NULL, 'Đã hoàn thành', 'B', 6.8),
(143, 22, '2025-05-15 00:00:00', NULL, 'Đã đăng ký', NULL, NULL),
(144, 40, '2026-03-09 00:00:00', NULL, 'Đã đăng ký', NULL, NULL),
(144, 33, '2026-05-26 00:00:00', '2025-08-24 00:00:00', 'Đã hủy', NULL, NULL),
(145, 49, '2023-09-23 00:00:00', NULL, 'Đã hoàn thành', 'B', 5.8),
(145, 42, '2023-11-17 00:00:00', NULL, 'Rớt môn', 'D', 0.0),
(146, 29, '2026-01-18 00:00:00', '2025-08-25 00:00:00', 'Đã hủy', NULL, NULL),
(146, 24, '2025-01-08 00:00:00', NULL, 'Rớt môn', 'C+', 4.1),
(147, 9, '2026-05-25 00:00:00', '2025-08-21 00:00:00', 'Đã hủy', NULL, NULL),
(147, 16, '2024-08-31 00:00:00', NULL, 'Rớt môn', 'C', 3.7),
(147, 11, '2024-03-21 00:00:00', NULL, 'Rớt môn', 'C', 3.9),
(147, 3, '2025-12-08 00:00:00', NULL, 'Đã đăng ký', NULL, NULL),
(148, 74, '2025-12-23 00:00:00', '2025-08-25 00:00:00', 'Đã hủy', NULL, NULL),
(148, 78, '2024-11-13 00:00:00', NULL, 'Rớt môn', 'D', 0.9),
(149, 32, '2024-10-02 00:00:00', NULL, 'Rớt môn', 'D', 0.5),
(149, 38, '2025-10-07 00:00:00', NULL, 'Đã đăng ký', NULL, NULL),
(150, 12, '2025-01-14 00:00:00', NULL, 'Rớt môn', 'D', 0.0),
(150, 4, '2024-08-03 00:00:00', NULL, 'Đã hoàn thành', 'B+', 7.4),
(150, 7, '2024-11-26 00:00:00', NULL, 'Đã hoàn thành', 'C+', 5.3),
(151, 45, '2024-01-14 00:00:00', NULL, 'Đã hoàn thành', 'B', 5.5),
(151, 50, '2024-12-16 00:00:00', NULL, 'Rớt môn', 'C', 3.7),
(152, 9, '2026-05-23 00:00:00', '2025-08-20 00:00:00', 'Đã hủy', NULL, NULL),
(152, 18, '2023-12-29 00:00:00', NULL, 'Rớt môn', 'D+', 2.9),
(152, 2, '2024-04-07 00:00:00', NULL, 'Đã hoàn thành', 'A', 9.9),
(153, 43, '2024-10-05 00:00:00', NULL, 'Đã hoàn thành', 'B+', 7.2),
(153, 49, '2023-09-23 00:00:00', NULL, 'Đã hoàn thành', 'B+', 7.4),
(154, 22, '2025-05-15 00:00:00', NULL, 'Đã đăng ký', NULL, NULL),
(154, 28, '2026-05-13 00:00:00', '2025-08-20 00:00:00', 'Đã hủy', NULL, NULL),
(155, 33, '2026-05-31 00:00:00', NULL, 'Đã đăng ký', NULL, NULL),
(155, 36, '2023-09-15 00:00:00', NULL, 'Đã hoàn thành', 'A', 9.7),
(156, 78, '2024-11-13 00:00:00', NULL, 'Đã hoàn thành', 'A', 9.3),
(156, 74, '2025-12-19 00:00:00', '2025-08-26 00:00:00', 'Đã hủy', NULL, NULL),
(157, 76, '2024-09-24 00:00:00', NULL, 'Rớt môn', 'D', 1.1),
(157, 72, '2024-10-15 00:00:00', NULL, 'Rớt môn', 'C', 3.9),
(158, 40, '2026-03-03 00:00:00', NULL, 'Đã đăng ký', NULL, NULL),
(158, 34, '2025-01-01 00:00:00', NULL, 'Đã hoàn thành', 'B+', 7.9),
(159, 36, '2023-09-15 00:00:00', NULL, 'Rớt môn', 'D+', 2.0),
(159, 31, '2024-02-28 00:00:00', NULL, 'Rớt môn', 'D', 1.3),
(160, 38, '2025-10-09 00:00:00', NULL, 'Đã đăng ký', NULL, NULL),
(160, 34, '2025-01-01 00:00:00', NULL, 'Rớt môn', 'D', 1.1),
(161, 55, '2026-07-08 00:00:00', '2025-08-24 00:00:00', 'Đã hủy', NULL, NULL),
(161, 69, '2024-09-10 00:00:00', NULL, 'Đã hoàn thành', 'C+', 5.0),
(161, 59, '2023-09-03 00:00:00', NULL, 'Đã hoàn thành', 'B', 6.8),
(161, 62, '2025-04-10 00:00:00', NULL, 'Rớt môn', 'D+', 1.7),
(162, 15, '2024-03-11 00:00:00', NULL, 'Đã hoàn thành', 'B+', 8.2),
(162, 1, '2024-12-15 00:00:00', NULL, 'Rớt môn', 'C', 3.5),
(162, 6, '2026-01-06 00:00:00', '2025-08-21 00:00:00', 'Đã hủy', NULL, NULL),
(162, 17, '2024-05-11 00:00:00', NULL, 'Đã hoàn thành', 'B', 6.1),
(163, 22, '2025-05-15 00:00:00', NULL, 'Đã đăng ký', NULL, NULL),
(163, 30, '2024-06-22 00:00:00', NULL, 'Rớt môn', 'D+', 2.9),
(164, 28, '2026-05-13 00:00:00', '2025-08-25 00:00:00', 'Đã hủy', NULL, NULL),
(164, 23, '2024-05-13 00:00:00', NULL, 'Rớt môn', 'C', 3.7),
(165, 36, '2023-09-15 00:00:00', NULL, 'Rớt môn', 'D', 0.3),
(165, 31, '2024-02-28 00:00:00', NULL, 'Rớt môn', 'D+', 2.5),
(166, 42, '2023-11-17 00:00:00', NULL, 'Đã hoàn thành', 'B+', 8.4),
(166, 48, '2026-03-02 00:00:00', NULL, 'Đã đăng ký', NULL, NULL),
(167, 24, '2025-01-08 00:00:00', NULL, 'Rớt môn', 'D+', 1.5),
(167, 27, '2026-08-05 00:00:00', '2025-08-23 00:00:00', 'Đã hủy', NULL, NULL),
(168, 77, '2025-03-27 00:00:00', NULL, 'Rớt môn', 'D+', 1.5),
(168, 72, '2024-10-15 00:00:00', NULL, 'Rớt môn', 'D+', 2.3),
(169, 41, '2025-03-12 00:00:00', NULL, 'Đã hoàn thành', 'B+', 7.3),
(169, 46, '2025-05-05 00:00:00', NULL, 'Đã hoàn thành', 'A', 8.8),
(170, 48, '2026-02-23 00:00:00', NULL, 'Đã đăng ký', NULL, NULL),
(170, 43, '2024-10-05 00:00:00', NULL, 'Đã hoàn thành', 'B+', 7.0),
(171, 20, '2025-10-20 00:00:00', '2025-08-20 00:00:00', 'Đã hủy', NULL, NULL),
(171, 6, '2025-12-31 00:00:00', NULL, 'Đã đăng ký', NULL, NULL),
(171, 15, '2024-03-11 00:00:00', NULL, 'Đã hoàn thành', 'A', 9.1),
(171, 2, '2024-04-07 00:00:00', NULL, 'Đã hoàn thành', 'A', 9.6),
(172, 44, '2026-07-17 00:00:00', '2025-08-26 00:00:00', 'Đã hủy', NULL, NULL),
(172, 50, '2024-12-16 00:00:00', NULL, 'Đã hoàn thành', 'B+', 7.8),
(173, 16, '2024-08-31 00:00:00', NULL, 'Đã hoàn thành', 'B', 5.6),
(173, 8, '2025-06-19 00:00:00', NULL, 'Đã đăng ký', NULL, NULL),
(173, 15, '2024-03-11 00:00:00', NULL, 'Rớt môn', 'C', 3.5),
(173, 5, '2026-02-03 00:00:00', '2025-08-22 00:00:00', 'Đã hủy', NULL, NULL),
(174, 75, '2024-12-16 00:00:00', NULL, 'Đã hoàn thành', 'B+', 7.4),
(174, 80, '2025-06-12 00:00:00', NULL, 'Đã đăng ký', NULL, NULL),
(175, 26, '2024-11-07 00:00:00', NULL, 'Rớt môn', 'D', 0.7),
(175, 24, '2025-01-08 00:00:00', NULL, 'Rớt môn', 'D+', 2.4),
(176, 14, '2026-02-16 00:00:00', '2025-08-21 00:00:00', 'Đã hủy', NULL, NULL),
(176, 8, '2025-06-19 00:00:00', NULL, 'Đã đăng ký', NULL, NULL),
(176, 5, '2026-02-23 00:00:00', '2025-08-25 00:00:00', 'Đã hủy', NULL, NULL),
(176, 19, '2023-12-07 00:00:00', NULL, 'Rớt môn', 'D+', 2.5),
(177, 41, '2025-03-12 00:00:00', NULL, 'Rớt môn', 'C', 3.7),
(177, 50, '2024-12-16 00:00:00', NULL, 'Rớt môn', 'D+', 2.3),
(178, 16, '2024-08-31 00:00:00', NULL, 'Rớt môn', 'D', 1.0),
(178, 11, '2024-03-21 00:00:00', NULL, 'Đã hoàn thành', 'A', 9.5),
(178, 4, '2024-08-03 00:00:00', NULL, 'Đã hoàn thành', 'B+', 7.2),
(178, 10, '2024-02-03 00:00:00', NULL, 'Đã hoàn thành', 'A', 9.5),
(179, 24, '2025-01-08 00:00:00', NULL, 'Rớt môn', 'D', 0.1),
(179, 27, '2026-08-08 00:00:00', NULL, 'Đã đăng ký', NULL, NULL),
(180, 61, '2024-06-04 00:00:00', NULL, 'Rớt môn', 'D+', 2.5),
(180, 68, '2023-10-30 00:00:00', NULL, 'Rớt môn', 'D+', 1.6),
(180, 51, '2026-02-18 00:00:00', NULL, 'Đã đăng ký', NULL, NULL),
(180, 56, '2024-08-29 00:00:00', NULL, 'Rớt môn', 'C', 3.7),
(181, 34, '2025-01-01 00:00:00', NULL, 'Rớt môn', 'C', 3.8),
(181, 37, '2024-10-13 00:00:00', NULL, 'Đã hoàn thành', 'B', 6.0),
(182, 3, '2025-12-07 00:00:00', '2025-08-26 00:00:00', 'Đã hủy', NULL, NULL),
(182, 16, '2024-08-31 00:00:00', NULL, 'Rớt môn', 'D', 0.6),
(182, 9, '2026-05-21 00:00:00', '2025-08-24 00:00:00', 'Đã hủy', NULL, NULL),
(182, 11, '2024-03-21 00:00:00', NULL, 'Đã hoàn thành', 'B', 5.5),
(183, 63, '2023-10-17 00:00:00', NULL, 'Đã hoàn thành', 'B+', 7.7),
(183, 60, '2026-07-21 00:00:00', NULL, 'Đã đăng ký', NULL, NULL),
(183, 67, '2026-03-01 00:00:00', NULL, 'Đã đăng ký', NULL, NULL),
(183, 54, '2026-02-28 00:00:00', NULL, 'Đã đăng ký', NULL, NULL),
(184, 34, '2025-01-01 00:00:00', NULL, 'Đã hoàn thành', 'B+', 7.4),
(184, 39, '2026-06-10 00:00:00', '2025-08-21 00:00:00', 'Đã hủy', NULL, NULL),
(185, 26, '2024-11-07 00:00:00', NULL, 'Đã hoàn thành', 'B+', 7.3),
(185, 24, '2025-01-08 00:00:00', NULL, 'Đã hoàn thành', 'B+', 7.2),
(186, 76, '2024-09-24 00:00:00', NULL, 'Rớt môn', 'C+', 4.8),
(186, 72, '2024-10-15 00:00:00', NULL, 'Đã hoàn thành', 'A', 9.8),
(187, 35, '2026-07-01 00:00:00', '2025-08-21 00:00:00', 'Đã hủy', NULL, NULL),
(187, 38, '2025-10-02 00:00:00', NULL, 'Đã đăng ký', NULL, NULL),
(188, 75, '2024-12-16 00:00:00', NULL, 'Đã hoàn thành', 'B+', 8.0),
(188, 79, '2026-04-24 00:00:00', NULL, 'Đã đăng ký', NULL, NULL),
(189, 66, '2026-08-11 00:00:00', NULL, 'Đã đăng ký', NULL, NULL),
(189, 55, '2026-07-13 00:00:00', NULL, 'Đã đăng ký', NULL, NULL),
(189, 65, '2026-05-23 00:00:00', NULL, 'Đã đăng ký', NULL, NULL),
(189, 56, '2024-08-29 00:00:00', NULL, 'Đã hoàn thành', 'A', 9.0),
(190, 23, '2024-05-13 00:00:00', NULL, 'Rớt môn', 'D', 0.3),
(190, 26, '2024-11-07 00:00:00', NULL, 'Đã hoàn thành', 'A', 9.9),
(191, 7, '2024-11-26 00:00:00', NULL, 'Đã hoàn thành', 'A', 8.7),
(191, 15, '2024-03-11 00:00:00', NULL, 'Đã hoàn thành', 'B+', 7.7),
(191, 5, '2026-01-31 00:00:00', NULL, 'Đã đăng ký', NULL, NULL),
(191, 17, '2024-05-11 00:00:00', NULL, 'Rớt môn', 'D+', 2.3),
(192, 10, '2024-02-03 00:00:00', NULL, 'Đã hoàn thành', 'A', 9.1),
(192, 1, '2024-12-15 00:00:00', NULL, 'Rớt môn', 'D+', 1.8),
(192, 13, '2025-02-15 00:00:00', NULL, 'Rớt môn', 'D+', 2.1),
(193, 35, '2026-06-30 00:00:00', '2025-08-22 00:00:00', 'Đã hủy', NULL, NULL),
(193, 36, '2023-09-15 00:00:00', NULL, 'Đã hoàn thành', 'B', 5.5),
(194, 61, '2024-06-04 00:00:00', NULL, 'Rớt môn', 'C', 3.7),
(194, 69, '2024-09-10 00:00:00', NULL, 'Rớt môn', 'D+', 2.2),
(194, 52, '2024-05-27 00:00:00', NULL, 'Rớt môn', 'D+', 2.9),
(194, 59, '2023-09-03 00:00:00', NULL, 'Rớt môn', 'C', 3.5),
(195, 76, '2024-09-24 00:00:00', NULL, 'Đã hoàn thành', 'A', 10.0),
(195, 72, '2024-10-15 00:00:00', NULL, 'Đã hoàn thành', 'B+', 8.0),
(196, 23, '2024-05-13 00:00:00', NULL, 'Rớt môn', 'C', 3.7),
(196, 30, '2024-06-22 00:00:00', NULL, 'Rớt môn', 'D', 0.4),
(197, 47, '2026-05-11 00:00:00', '2025-08-24 00:00:00', 'Đã hủy', NULL, NULL),
(197, 43, '2024-10-05 00:00:00', NULL, 'Đã hoàn thành', 'A', 8.7),
(198, 67, '2026-03-07 00:00:00', NULL, 'Đã đăng ký', NULL, NULL),
(198, 60, '2026-08-05 00:00:00', NULL, 'Đã đăng ký', NULL, NULL),
(198, 63, '2023-10-17 00:00:00', NULL, 'Đã hoàn thành', 'B', 6.6),
(198, 54, '2026-02-22 00:00:00', NULL, 'Đã đăng ký', NULL, NULL),
(199, 64, '2023-09-16 00:00:00', NULL, 'Rớt môn', 'D+', 1.5),
(199, 67, '2026-02-27 00:00:00', '2025-08-21 00:00:00', 'Đã hủy', NULL, NULL),
(199, 60, '2026-08-10 00:00:00', NULL, 'Đã đăng ký', NULL, NULL),
(199, 54, '2026-02-18 00:00:00', '2025-08-25 00:00:00', 'Đã hủy', NULL, NULL),
(200, 36, '2023-09-15 00:00:00', NULL, 'Rớt môn', 'D+', 1.7),
(200, 33, '2026-05-18 00:00:00', '2025-08-22 00:00:00', 'Đã hủy', NULL, NULL),
(201, 57, '2025-01-23 00:00:00', NULL, 'Đã hoàn thành', 'B+', 7.3),
(201, 51, '2026-02-19 00:00:00', '2025-08-23 00:00:00', 'Đã hủy', NULL, NULL),
(201, 64, '2023-09-16 00:00:00', NULL, 'Đã hoàn thành', 'B', 5.7),
(201, 66, '2026-08-23 00:00:00', NULL, 'Đã đăng ký', NULL, NULL),
(202, 74, '2026-01-08 00:00:00', NULL, 'Đã đăng ký', NULL, NULL),
(202, 77, '2025-03-27 00:00:00', NULL, 'Đã hoàn thành', 'A', 8.7),
(203, 32, '2024-10-02 00:00:00', NULL, 'Rớt môn', 'C+', 4.4),
(203, 38, '2025-10-05 00:00:00', NULL, 'Đã đăng ký', NULL, NULL),
(204, 24, '2025-01-08 00:00:00', NULL, 'Rớt môn', 'D', 0.7),
(204, 29, '2026-01-05 00:00:00', '2025-08-25 00:00:00', 'Đã hủy', NULL, NULL),
(205, 12, '2025-01-14 00:00:00', NULL, 'Đã hoàn thành', 'B', 5.7),
(205, 20, '2025-10-28 00:00:00', '2025-08-21 00:00:00', 'Đã hủy', NULL, NULL),
(205, 8, '2025-06-19 00:00:00', NULL, 'Đã đăng ký', NULL, NULL),
(205, 2, '2024-04-07 00:00:00', NULL, 'Đã hoàn thành', 'B+', 7.1),
(206, 67, '2026-02-22 00:00:00', '2025-08-20 00:00:00', 'Đã hủy', NULL, NULL),
(206, 64, '2023-09-16 00:00:00', NULL, 'Rớt môn', 'D', 0.5),
(206, 51, '2026-02-27 00:00:00', NULL, 'Đã đăng ký', NULL, NULL),
(206, 60, '2026-07-27 00:00:00', NULL, 'Đã đăng ký', NULL, NULL),
(207, 21, '2024-01-04 00:00:00', NULL, 'Đã hoàn thành', 'B+', 8.2),
(207, 27, '2026-07-19 00:00:00', NULL, 'Đã đăng ký', NULL, NULL),
(208, 61, '2024-06-04 00:00:00', NULL, 'Đã hoàn thành', 'B', 6.3),
(208, 69, '2024-09-10 00:00:00', NULL, 'Rớt môn', 'D', 1.1),
(208, 53, '2024-04-03 00:00:00', NULL, 'Rớt môn', 'C', 3.7),
(208, 59, '2023-09-03 00:00:00', NULL, 'Đã hoàn thành', 'C+', 5.2),
(209, 20, '2025-10-10 00:00:00', '2025-08-20 00:00:00', 'Đã hủy', NULL, NULL),
(209, 13, '2025-02-15 00:00:00', NULL, 'Đã hoàn thành', 'A', 8.9),
(209, 3, '2025-12-09 00:00:00', NULL, 'Đã đăng ký', NULL, NULL),
(210, 35, '2026-07-13 00:00:00', NULL, 'Đã đăng ký', NULL, NULL),
(210, 37, '2024-10-13 00:00:00', NULL, 'Đã hoàn thành', 'B+', 7.6),
(211, 38, '2025-10-06 00:00:00', '2025-08-25 00:00:00', 'Đã hủy', NULL, NULL),
(211, 31, '2024-02-28 00:00:00', NULL, 'Đã hoàn thành', 'A', 8.5),
(212, 79, '2026-04-19 00:00:00', '2025-08-20 00:00:00', 'Đã hủy', NULL, NULL),
(212, 75, '2024-12-16 00:00:00', NULL, 'Đã hoàn thành', 'B', 6.8),
(213, 63, '2023-10-17 00:00:00', NULL, 'Đã hoàn thành', 'B+', 8.0),
(213, 54, '2026-02-08 00:00:00', '2025-08-25 00:00:00', 'Đã hủy', NULL, NULL),
(213, 67, '2026-03-14 00:00:00', '2025-08-21 00:00:00', 'Đã hủy', NULL, NULL),
(213, 60, '2026-07-25 00:00:00', '2025-08-21 00:00:00', 'Đã hủy', NULL, NULL),
(214, 71, '2024-10-17 00:00:00', NULL, 'Đã hoàn thành', 'B+', 8.1),
(214, 77, '2025-03-27 00:00:00', NULL, 'Rớt môn', 'C', 3.1),
(215, 16, '2024-08-31 00:00:00', NULL, 'Rớt môn', 'D', 0.3),
(215, 9, '2026-05-22 00:00:00', NULL, 'Đã đăng ký', NULL, NULL),
(215, 5, '2026-01-29 00:00:00', NULL, 'Đã đăng ký', NULL, NULL),
(215, 13, '2025-02-15 00:00:00', NULL, 'Rớt môn', 'D+', 1.8),
(216, 39, '2026-06-29 00:00:00', '2025-08-24 00:00:00', 'Đã hủy', NULL, NULL),
(216, 31, '2024-02-28 00:00:00', NULL, 'Đã hoàn thành', 'B+', 8.0),
(217, 55, '2026-07-09 00:00:00', '2025-08-24 00:00:00', 'Đã hủy', NULL, NULL),
(217, 60, '2026-07-30 00:00:00', '2025-08-20 00:00:00', 'Đã hủy', NULL, NULL),
(217, 68, '2023-10-30 00:00:00', NULL, 'Đã hoàn thành', 'C+', 5.1),
(217, 61, '2024-06-04 00:00:00', NULL, 'Đã hoàn thành', 'B+', 8.1),
(218, 52, '2024-05-27 00:00:00', NULL, 'Đã hoàn thành', 'C+', 5.4),
(218, 62, '2025-04-10 00:00:00', NULL, 'Đã hoàn thành', 'A', 9.1),
(218, 59, '2023-09-03 00:00:00', NULL, 'Rớt môn', 'C+', 4.6),
(218, 69, '2024-09-10 00:00:00', NULL, 'Đã hoàn thành', 'B+', 7.3),
(219, 55, '2026-07-13 00:00:00', NULL, 'Đã đăng ký', NULL, NULL),
(219, 69, '2024-09-10 00:00:00', NULL, 'Rớt môn', 'D+', 1.8),
(219, 56, '2024-08-29 00:00:00', NULL, 'Đã hoàn thành', 'A', 10.0),
(219, 61, '2024-06-04 00:00:00', NULL, 'Rớt môn', 'D', 0.9),
(220, 3, '2025-11-14 00:00:00', '2025-08-26 00:00:00', 'Đã hủy', NULL, NULL),
(220, 18, '2023-12-29 00:00:00', NULL, 'Rớt môn', 'C+', 4.8),
(220, 13, '2025-02-15 00:00:00', NULL, 'Đã hoàn thành', 'C+', 5.2),
(220, 9, '2026-05-31 00:00:00', '2025-08-23 00:00:00', 'Đã hủy', NULL, NULL),
(221, 73, '2026-07-29 00:00:00', '2025-08-21 00:00:00', 'Đã hủy', NULL, NULL),
(221, 77, '2025-03-27 00:00:00', NULL, 'Rớt môn', 'D+', 2.2),
(222, 3, '2025-12-09 00:00:00', '2025-08-23 00:00:00', 'Đã hủy', NULL, NULL),
(222, 19, '2023-12-07 00:00:00', NULL, 'Đã hoàn thành', 'B+', 8.0),
(222, 13, '2025-02-15 00:00:00', NULL, 'Đã hoàn thành', 'B+', 7.2),
(222, 9, '2026-05-28 00:00:00', NULL, 'Đã đăng ký', NULL, NULL),
(223, 25, '2024-01-22 00:00:00', NULL, 'Đã hoàn thành', 'B', 6.9),
(223, 28, '2026-05-22 00:00:00', NULL, 'Đã đăng ký', NULL, NULL),
(224, 68, '2023-10-30 00:00:00', NULL, 'Rớt môn', 'C+', 4.6),
(224, 56, '2024-08-29 00:00:00', NULL, 'Đã hoàn thành', 'A', 9.8),
(224, 54, '2026-02-07 00:00:00', '2025-08-25 00:00:00', 'Đã hủy', NULL, NULL),
(224, 63, '2023-10-17 00:00:00', NULL, 'Đã hoàn thành', 'B', 6.5),
(225, 22, '2025-05-15 00:00:00', NULL, 'Đã đăng ký', NULL, NULL),
(225, 26, '2024-11-07 00:00:00', NULL, 'Rớt môn', 'C', 3.9),
(226, 28, '2026-05-06 00:00:00', NULL, 'Đã đăng ký', NULL, NULL),
(226, 25, '2024-01-22 00:00:00', NULL, 'Đã hoàn thành', 'A', 9.0),
(227, 35, '2026-07-11 00:00:00', '2025-08-20 00:00:00', 'Đã hủy', NULL, NULL),
(227, 39, '2026-06-26 00:00:00', '2025-08-25 00:00:00', 'Đã hủy', NULL, NULL),
(228, 25, '2024-01-22 00:00:00', NULL, 'Đã hoàn thành', 'B+', 7.1),
(228, 28, '2026-05-08 00:00:00', '2025-08-22 00:00:00', 'Đã hủy', NULL, NULL),
(229, 69, '2024-09-10 00:00:00', NULL, 'Đã hoàn thành', 'A', 9.5),
(229, 62, '2025-04-10 00:00:00', NULL, 'Đã hoàn thành', 'B', 5.8),
(229, 59, '2023-09-03 00:00:00', NULL, 'Đã hoàn thành', 'A', 8.6),
(229, 54, '2026-02-07 00:00:00', '2025-08-23 00:00:00', 'Đã hủy', NULL, NULL),
(230, 27, '2026-07-28 00:00:00', '2025-08-22 00:00:00', 'Đã hủy', NULL, NULL),
(230, 24, '2025-01-08 00:00:00', NULL, 'Rớt môn', 'D', 1.0),
(231, 59, '2023-09-03 00:00:00', NULL, 'Rớt môn', 'D', 1.0),
(231, 69, '2024-09-10 00:00:00', NULL, 'Đã hoàn thành', 'A', 8.8),
(231, 61, '2024-06-04 00:00:00', NULL, 'Đã hoàn thành', 'B+', 8.4),
(231, 52, '2024-05-27 00:00:00', NULL, 'Rớt môn', 'C+', 4.1),
(232, 26, '2024-11-07 00:00:00', NULL, 'Rớt môn', 'D', 0.4),
(232, 22, '2025-05-15 00:00:00', '2025-08-12 00:00:00', 'Đã hủy', NULL, NULL),
(233, 75, '2024-12-16 00:00:00', NULL, 'Đã hoàn thành', 'B', 6.9),
(233, 80, '2025-06-12 00:00:00', '2025-08-13 00:00:00', 'Đã hủy', NULL, NULL),
(234, 8, '2025-06-19 00:00:00', NULL, 'Đã đăng ký', NULL, NULL),
(234, 12, '2025-01-14 00:00:00', NULL, 'Đã hoàn thành', 'B+', 7.0),
(234, 19, '2023-12-07 00:00:00', NULL, 'Rớt môn', 'D+', 1.8),
(234, 2, '2024-04-07 00:00:00', NULL, 'Rớt môn', 'D+', 1.7),
(235, 24, '2025-01-08 00:00:00', NULL, 'Rớt môn', 'D', 1.2),
(235, 27, '2026-07-31 00:00:00', '2025-08-22 00:00:00', 'Đã hủy', NULL, NULL),
(236, 28, '2026-05-16 00:00:00', '2025-08-22 00:00:00', 'Đã hủy', NULL, NULL),
(236, 21, '2024-01-04 00:00:00', NULL, 'Rớt môn', 'D+', 2.5),
(237, 45, '2024-01-14 00:00:00', NULL, 'Rớt môn', 'C', 3.0),
(237, 46, '2025-05-05 00:00:00', NULL, 'Rớt môn', 'D+', 2.9),
(238, 22, '2025-05-15 00:00:00', NULL, 'Đã đăng ký', NULL, NULL),
(238, 28, '2026-05-09 00:00:00', '2025-08-23 00:00:00', 'Đã hủy', NULL, NULL),
(239, 75, '2024-12-16 00:00:00', NULL, 'Đã hoàn thành', 'B+', 8.2),
(239, 80, '2025-06-12 00:00:00', '2025-08-23 00:00:00', 'Đã hủy', NULL, NULL),
(240, 39, '2026-06-29 00:00:00', NULL, 'Đã đăng ký', NULL, NULL),
(240, 34, '2025-01-01 00:00:00', NULL, 'Đã hoàn thành', 'B', 6.1),
(241, 40, '2026-03-18 00:00:00', NULL, 'Đã đăng ký', NULL, NULL),
(241, 33, '2026-06-07 00:00:00', '2025-08-26 00:00:00', 'Đã hủy', NULL, NULL),
(242, 35, '2026-07-08 00:00:00', '2025-08-25 00:00:00', 'Đã hủy', NULL, NULL),
(242, 37, '2024-10-13 00:00:00', NULL, 'Rớt môn', 'C', 3.0),
(243, 41, '2025-03-12 00:00:00', NULL, 'Đã hoàn thành', 'B', 6.3),
(243, 47, '2026-05-29 00:00:00', NULL, 'Đã đăng ký', NULL, NULL),
(244, 47, '2026-05-16 00:00:00', '2025-08-24 00:00:00', 'Đã hủy', NULL, NULL),
(244, 43, '2024-10-05 00:00:00', NULL, 'Rớt môn', 'D', 0.2),
(245, 13, '2025-02-15 00:00:00', NULL, 'Đã hoàn thành', 'B', 6.5),
(245, 16, '2024-08-31 00:00:00', NULL, 'Rớt môn', 'C+', 4.8),
(245, 10, '2024-02-03 00:00:00', NULL, 'Đã hoàn thành', 'B', 6.0),
(245, 5, '2026-02-14 00:00:00', '2025-08-24 00:00:00', 'Đã hủy', NULL, NULL),
(246, 69, '2024-09-10 00:00:00', NULL, 'Đã hoàn thành', 'B+', 8.1),
(246, 52, '2024-05-27 00:00:00', NULL, 'Rớt môn', 'C+', 4.4),
(246, 59, '2023-09-03 00:00:00', NULL, 'Rớt môn', 'C', 3.6),
(246, 61, '2024-06-04 00:00:00', NULL, 'Đã hoàn thành', 'B', 6.5),
(247, 8, '2025-06-19 00:00:00', NULL, 'Đã đăng ký', NULL, NULL),
(247, 2, '2024-04-07 00:00:00', NULL, 'Rớt môn', 'D', 0.9),
(247, 17, '2024-05-11 00:00:00', NULL, 'Rớt môn', 'C', 3.6),
(247, 12, '2025-01-14 00:00:00', NULL, 'Rớt môn', 'D+', 1.8),
(248, 29, '2026-01-11 00:00:00', '2025-08-20 00:00:00', 'Đã hủy', NULL, NULL),
(248, 24, '2025-01-08 00:00:00', NULL, 'Rớt môn', 'C+', 4.4),
(249, 69, '2024-09-10 00:00:00', NULL, 'Rớt môn', 'D', 0.9),
(249, 59, '2023-09-03 00:00:00', NULL, 'Rớt môn', 'D+', 1.7),
(249, 64, '2023-09-16 00:00:00', NULL, 'Rớt môn', 'C', 3.2),
(249, 54, '2026-02-14 00:00:00', NULL, 'Đã đăng ký', NULL, NULL),
(250, 8, '2025-06-19 00:00:00', NULL, 'Đã đăng ký', NULL, NULL),
(250, 20, '2025-10-10 00:00:00', NULL, 'Đã đăng ký', NULL, NULL),
(250, 14, '2026-02-23 00:00:00', '2025-08-20 00:00:00', 'Đã hủy', NULL, NULL),
(250, 5, '2026-02-02 00:00:00', NULL, 'Đã đăng ký', NULL, NULL),
(251, 40, '2026-03-11 00:00:00', NULL, 'Đã đăng ký', NULL, NULL),
(251, 33, '2026-05-29 00:00:00', '2025-08-21 00:00:00', 'Đã hủy', NULL, NULL),
(252, 80, '2025-06-12 00:00:00', NULL, 'Đã đăng ký', NULL, NULL),
(252, 73, '2026-08-01 00:00:00', NULL, 'Đã đăng ký', NULL, NULL),
(253, 10, '2024-02-03 00:00:00', NULL, 'Đã hoàn thành', 'B', 6.0),
(253, 17, '2024-05-11 00:00:00', NULL, 'Đã hoàn thành', 'A', 9.1),
(253, 14, '2026-03-07 00:00:00', NULL, 'Đã đăng ký', NULL, NULL),
(253, 5, '2026-02-02 00:00:00', '2025-08-20 00:00:00', 'Đã hủy', NULL, NULL),
(254, 72, '2024-10-15 00:00:00', NULL, 'Rớt môn', 'C', 3.5),
(254, 79, '2026-04-18 00:00:00', '2025-08-22 00:00:00', 'Đã hủy', NULL, NULL),
(255, 1, '2024-12-15 00:00:00', NULL, 'Rớt môn', 'C+', 4.0),
(255, 6, '2026-01-20 00:00:00', '2025-08-26 00:00:00', 'Đã hủy', NULL, NULL),
(255, 13, '2025-02-15 00:00:00', NULL, 'Đã hoàn thành', 'C+', 5.4),
(255, 18, '2023-12-29 00:00:00', NULL, 'Rớt môn', 'C+', 4.1),
(256, 65, '2026-04-28 00:00:00', '2025-08-24 00:00:00', 'Đã hủy', NULL, NULL),
(256, 54, '2026-02-13 00:00:00', '2025-08-25 00:00:00', 'Đã hủy', NULL, NULL),
(256, 66, '2026-08-22 00:00:00', '2025-08-22 00:00:00', 'Đã hủy', NULL, NULL),
(256, 59, '2023-09-03 00:00:00', NULL, 'Đã hoàn thành', 'A', 9.4),
(257, 26, '2024-11-07 00:00:00', NULL, 'Rớt môn', 'D', 1.4),
(257, 24, '2025-01-08 00:00:00', NULL, 'Đã hoàn thành', 'B', 6.8),
(258, 29, '2026-01-21 00:00:00', '2025-08-21 00:00:00', 'Đã hủy', NULL, NULL),
(258, 24, '2025-01-08 00:00:00', NULL, 'Đã hoàn thành', 'C+', 5.3),
(259, 34, '2025-01-01 00:00:00', NULL, 'Rớt môn', 'D', 0.4),
(259, 38, '2025-09-27 00:00:00', '2025-08-26 00:00:00', 'Đã hủy', NULL, NULL),
(260, 8, '2025-06-19 00:00:00', '2025-08-24 00:00:00', 'Đã hủy', NULL, NULL),
(260, 14, '2026-02-11 00:00:00', NULL, 'Đã đăng ký', NULL, NULL),
(260, 19, '2023-12-07 00:00:00', NULL, 'Rớt môn', 'D+', 2.0),
(260, 5, '2026-02-26 00:00:00', NULL, 'Đã đăng ký', NULL, NULL),
(261, 31, '2024-02-28 00:00:00', NULL, 'Đã hoàn thành', 'B+', 7.8),
(261, 39, '2026-07-01 00:00:00', NULL, 'Đã đăng ký', NULL, NULL),
(262, 26, '2024-11-07 00:00:00', NULL, 'Rớt môn', 'C+', 4.3),
(262, 24, '2025-01-08 00:00:00', NULL, 'Rớt môn', 'C', 3.1),
(263, 61, '2024-06-04 00:00:00', NULL, 'Đã hoàn thành', 'B+', 7.1),
(263, 68, '2023-10-30 00:00:00', NULL, 'Rớt môn', 'C+', 4.6),
(263, 58, '2025-11-08 00:00:00', NULL, 'Đã đăng ký', NULL, NULL),
(263, 51, '2026-02-14 00:00:00', '2025-08-24 00:00:00', 'Đã hủy', NULL, NULL),
(264, 39, '2026-06-22 00:00:00', '2025-08-20 00:00:00', 'Đã hủy', NULL, NULL),
(264, 31, '2024-02-28 00:00:00', NULL, 'Đã hoàn thành', 'B+', 7.3),
(265, 38, '2025-10-10 00:00:00', '2025-08-22 00:00:00', 'Đã hủy', NULL, NULL),
(265, 33, '2026-05-28 00:00:00', NULL, 'Đã đăng ký', NULL, NULL),
(266, 11, '2024-03-21 00:00:00', NULL, 'Rớt môn', 'D+', 2.6),
(266, 20, '2025-11-02 00:00:00', '2025-08-22 00:00:00', 'Đã hủy', NULL, NULL),
(266, 5, '2026-02-11 00:00:00', '2025-08-20 00:00:00', 'Đã hủy', NULL, NULL),
(266, 6, '2026-01-12 00:00:00', '2025-08-20 00:00:00', 'Đã hủy', NULL, NULL),
(267, 49, '2023-09-23 00:00:00', NULL, 'Rớt môn', 'D+', 2.2),
(267, 43, '2024-10-05 00:00:00', NULL, 'Rớt môn', 'D', 1.2),
(268, 12, '2025-01-14 00:00:00', NULL, 'Rớt môn', 'C', 3.6),
(268, 4, '2024-08-03 00:00:00', NULL, 'Rớt môn', 'D+', 1.7),
(268, 16, '2024-08-31 00:00:00', NULL, 'Rớt môn', 'D', 0.6),
(268, 6, '2026-01-02 00:00:00', '2025-08-24 00:00:00', 'Đã hủy', NULL, NULL),
(269, 75, '2024-12-16 00:00:00', NULL, 'Rớt môn', 'D', 1.4),
(269, 79, '2026-05-07 00:00:00', '2025-08-24 00:00:00', 'Đã hủy', NULL, NULL),
(270, 38, '2025-10-16 00:00:00', NULL, 'Đã đăng ký', NULL, NULL),
(270, 31, '2024-02-28 00:00:00', NULL, 'Đã hoàn thành', 'B+', 7.5),
(271, 42, '2023-11-17 00:00:00', NULL, 'Rớt môn', 'D+', 2.7),
(271, 48, '2026-03-18 00:00:00', '2025-08-23 00:00:00', 'Đã hủy', NULL, NULL),
(272, 24, '2025-01-08 00:00:00', NULL, 'Rớt môn', 'D', 0.0),
(272, 27, '2026-07-29 00:00:00', '2025-08-24 00:00:00', 'Đã hủy', NULL, NULL),
(273, 25, '2024-01-22 00:00:00', NULL, 'Đã hoàn thành', 'B', 5.9),
(273, 27, '2026-07-12 00:00:00', NULL, 'Đã đăng ký', NULL, NULL),
(274, 76, '2024-09-24 00:00:00', NULL, 'Rớt môn', 'D', 0.1),
(274, 72, '2024-10-15 00:00:00', NULL, 'Rớt môn', 'D', 0.6),
(275, 52, '2024-05-27 00:00:00', NULL, 'Đã hoàn thành', 'B', 6.4),
(275, 66, '2026-08-01 00:00:00', '2025-08-22 00:00:00', 'Đã hủy', NULL, NULL),
(275, 64, '2023-09-16 00:00:00', NULL, 'Đã hoàn thành', 'A', 10.0),
(275, 57, '2025-01-23 00:00:00', NULL, 'Đã hoàn thành', 'B', 6.8),
(276, 80, '2025-06-12 00:00:00', NULL, 'Đã đăng ký', NULL, NULL),
(276, 72, '2024-10-15 00:00:00', NULL, 'Đã hoàn thành', 'A', 10.0),
(277, 73, '2026-08-08 00:00:00', '2025-08-25 00:00:00', 'Đã hủy', NULL, NULL),
(277, 79, '2026-04-22 00:00:00', '2025-08-25 00:00:00', 'Đã hủy', NULL, NULL),
(278, 42, '2023-11-17 00:00:00', NULL, 'Đã hoàn thành', 'B', 5.9),
(278, 48, '2026-03-06 00:00:00', '2025-08-21 00:00:00', 'Đã hủy', NULL, NULL),
(279, 54, '2026-02-24 00:00:00', NULL, 'Đã đăng ký', NULL, NULL),
(279, 67, '2026-02-24 00:00:00', NULL, 'Đã đăng ký', NULL, NULL),
(279, 58, '2025-12-01 00:00:00', NULL, 'Đã đăng ký', NULL, NULL),
(279, 64, '2023-09-16 00:00:00', NULL, 'Đã hoàn thành', 'B+', 8.2),
(280, 78, '2024-11-13 00:00:00', NULL, 'Đã hoàn thành', 'A', 9.2),
(280, 72, '2024-10-15 00:00:00', NULL, 'Rớt môn', 'C+', 4.2),
(281, 50, '2024-12-16 00:00:00', NULL, 'Đã hoàn thành', 'B', 6.0),
(281, 45, '2024-01-14 00:00:00', NULL, 'Đã hoàn thành', 'B', 6.5),
(282, 27, '2026-08-10 00:00:00', '2025-08-25 00:00:00', 'Đã hủy', NULL, NULL),
(282, 21, '2024-01-04 00:00:00', NULL, 'Rớt môn', 'C', 3.8),
(283, 49, '2023-09-23 00:00:00', NULL, 'Đã hoàn thành', 'B', 6.1),
(283, 42, '2023-11-17 00:00:00', NULL, 'Đã hoàn thành', 'B', 5.7),
(284, 33, '2026-06-02 00:00:00', NULL, 'Đã đăng ký', NULL, NULL),
(284, 40, '2026-03-14 00:00:00', '2025-08-20 00:00:00', 'Đã hủy', NULL, NULL),
(285, 79, '2026-04-14 00:00:00', '2025-08-20 00:00:00', 'Đã hủy', NULL, NULL),
(285, 72, '2024-10-15 00:00:00', NULL, 'Rớt môn', 'D', 0.5),
(286, 24, '2025-01-08 00:00:00', NULL, 'Đã hoàn thành', 'A', 8.9),
(286, 29, '2026-01-21 00:00:00', NULL, 'Đã đăng ký', NULL, NULL),
(287, 19, '2023-12-07 00:00:00', NULL, 'Rớt môn', 'C+', 4.8),
(287, 13, '2025-02-15 00:00:00', NULL, 'Rớt môn', 'C', 3.7),
(287, 9, '2026-05-10 00:00:00', NULL, 'Đã đăng ký', NULL, NULL),
(287, 3, '2025-11-23 00:00:00', '2025-08-23 00:00:00', 'Đã hủy', NULL, NULL),
(288, 69, '2024-09-10 00:00:00', NULL, 'Rớt môn', 'D+', 2.1),
(288, 54, '2026-03-05 00:00:00', '2025-08-23 00:00:00', 'Đã hủy', NULL, NULL),
(288, 60, '2026-07-31 00:00:00', NULL, 'Đã đăng ký', NULL, NULL),
(288, 64, '2023-09-16 00:00:00', NULL, 'Đã hoàn thành', 'B+', 7.1),
(289, 41, '2025-03-12 00:00:00', NULL, 'Rớt môn', 'C', 3.1),
(289, 46, '2025-05-05 00:00:00', NULL, 'Rớt môn', 'D+', 2.0),
(290, 73, '2026-07-24 00:00:00', NULL, 'Đã đăng ký', NULL, NULL),
(290, 80, '2025-06-12 00:00:00', NULL, 'Đã đăng ký', NULL, NULL),
(291, 21, '2024-01-04 00:00:00', NULL, 'Đã hoàn thành', 'B', 6.3),
(291, 26, '2024-11-07 00:00:00', NULL, 'Rớt môn', 'D', 1.1),
(292, 31, '2024-02-28 00:00:00', NULL, 'Rớt môn', 'D+', 2.1),
(292, 36, '2023-09-15 00:00:00', NULL, 'Đã hoàn thành', 'B+', 7.4),
(293, 16, '2024-08-31 00:00:00', NULL, 'Đã hoàn thành', 'B+', 7.2),
(293, 9, '2026-05-16 00:00:00', '2025-08-22 00:00:00', 'Đã hủy', NULL, NULL),
(293, 11, '2024-03-21 00:00:00', NULL, 'Đã hoàn thành', 'A', 9.0),
(293, 3, '2025-11-15 00:00:00', '2025-08-22 00:00:00', 'Đã hủy', NULL, NULL),
(294, 29, '2026-01-20 00:00:00', NULL, 'Đã đăng ký', NULL, NULL),
(294, 24, '2025-01-08 00:00:00', NULL, 'Đã hoàn thành', 'A', 9.8),
(295, 25, '2024-01-22 00:00:00', NULL, 'Rớt môn', 'C', 3.4),
(295, 28, '2026-05-16 00:00:00', '2025-08-24 00:00:00', 'Đã hủy', NULL, NULL),
(296, 77, '2025-03-27 00:00:00', NULL, 'Đã hoàn thành', 'B', 6.4),
(296, 73, '2026-08-12 00:00:00', NULL, 'Đã đăng ký', NULL, NULL),
(297, 38, '2025-09-30 00:00:00', NULL, 'Đã đăng ký', NULL, NULL),
(297, 35, '2026-06-28 00:00:00', NULL, 'Đã đăng ký', NULL, NULL),
(298, 70, '2025-08-27 00:00:00', NULL, 'Đã đăng ký', NULL, NULL),
(298, 52, '2024-05-27 00:00:00', NULL, 'Rớt môn', 'D+', 1.5),
(298, 63, '2023-10-17 00:00:00', NULL, 'Rớt môn', 'C', 3.9),
(298, 59, '2023-09-03 00:00:00', NULL, 'Rớt môn', 'D', 1.3),
(299, 79, '2026-04-28 00:00:00', '2025-08-23 00:00:00', 'Đã hủy', NULL, NULL),
(299, 72, '2024-10-15 00:00:00', NULL, 'Đã hoàn thành', 'C+', 5.2),
(300, 75, '2024-12-16 00:00:00', NULL, 'Rớt môn', 'D+', 2.7),
(300, 80, '2025-06-12 00:00:00', NULL, 'Đã đăng ký', NULL, NULL),
(301, 70, '2025-08-27 00:00:00', '2025-07-31 00:00:00', 'Đã hủy', NULL, NULL),
(301, 51, '2026-02-11 00:00:00', NULL, 'Đã đăng ký', NULL, NULL),
(301, 64, '2023-09-16 00:00:00', NULL, 'Đã hoàn thành', 'B', 6.4),
(301, 57, '2025-01-23 00:00:00', NULL, 'Rớt môn', 'D+', 1.9),
(302, 30, '2024-06-22 00:00:00', NULL, 'Đã hoàn thành', 'A', 8.7),
(302, 23, '2024-05-13 00:00:00', NULL, 'Đã hoàn thành', 'B+', 7.7),
(303, 74, '2026-01-05 00:00:00', NULL, 'Đã đăng ký', NULL, NULL),
(303, 78, '2024-11-13 00:00:00', NULL, 'Đã hoàn thành', 'B+', 7.0),
(304, 20, '2025-10-18 00:00:00', '2025-08-25 00:00:00', 'Đã hủy', NULL, NULL),
(304, 13, '2025-02-15 00:00:00', NULL, 'Rớt môn', 'D+', 1.9),
(304, 10, '2024-02-03 00:00:00', NULL, 'Rớt môn', 'C+', 4.2),
(304, 5, '2026-01-31 00:00:00', '2025-08-23 00:00:00', 'Đã hủy', NULL, NULL),
(305, 57, '2025-01-23 00:00:00', NULL, 'Rớt môn', 'D', 0.1),
(305, 55, '2026-08-02 00:00:00', '2025-08-24 00:00:00', 'Đã hủy', NULL, NULL),
(305, 62, '2025-04-10 00:00:00', NULL, 'Rớt môn', 'C+', 4.1),
(305, 66, '2026-08-25 00:00:00', NULL, 'Đã đăng ký', NULL, NULL),
(306, 46, '2025-05-05 00:00:00', NULL, 'Đã hoàn thành', 'B+', 8.0),
(306, 42, '2023-11-17 00:00:00', NULL, 'Rớt môn', 'C', 3.0),
(307, 64, '2023-09-16 00:00:00', NULL, 'Đã hoàn thành', 'A', 9.8),
(307, 69, '2024-09-10 00:00:00', NULL, 'Đã hoàn thành', 'B', 5.7),
(307, 59, '2023-09-03 00:00:00', NULL, 'Đã hoàn thành', 'A', 9.3),
(307, 52, '2024-05-27 00:00:00', NULL, 'Rớt môn', 'D+', 1.5),
(308, 70, '2025-08-27 00:00:00', NULL, 'Đã đăng ký', NULL, NULL),
(308, 63, '2023-10-17 00:00:00', NULL, 'Đã hoàn thành', 'B', 6.9),
(308, 52, '2024-05-27 00:00:00', NULL, 'Đã hoàn thành', 'A', 8.8),
(308, 59, '2023-09-03 00:00:00', NULL, 'Đã hoàn thành', 'B', 6.2),
(309, 70, '2025-08-27 00:00:00', NULL, 'Đã đăng ký', NULL, NULL),
(309, 51, '2026-02-12 00:00:00', NULL, 'Đã đăng ký', NULL, NULL),
(309, 61, '2024-06-04 00:00:00', NULL, 'Đã hoàn thành', 'B+', 7.0),
(309, 57, '2025-01-23 00:00:00', NULL, 'Rớt môn', 'D', 1.2),
(310, 30, '2024-06-22 00:00:00', NULL, 'Rớt môn', 'D+', 1.6),
(310, 23, '2024-05-13 00:00:00', NULL, 'Rớt môn', 'C+', 4.4),
(311, 66, '2026-07-30 00:00:00', '2025-08-25 00:00:00', 'Đã hủy', NULL, NULL),
(311, 64, '2023-09-16 00:00:00', NULL, 'Rớt môn', 'D+', 1.6),
(311, 52, '2024-05-27 00:00:00', NULL, 'Rớt môn', 'C+', 4.4),
(311, 59, '2023-09-03 00:00:00', NULL, 'Rớt môn', 'C+', 4.4),
(312, 56, '2024-08-29 00:00:00', NULL, 'Đã hoàn thành', 'B+', 7.4),
(312, 65, '2026-05-09 00:00:00', '2025-08-22 00:00:00', 'Đã hủy', NULL, NULL),
(312, 54, '2026-02-19 00:00:00', '2025-08-23 00:00:00', 'Đã hủy', NULL, NULL),
(312, 66, '2026-08-11 00:00:00', NULL, 'Đã đăng ký', NULL, NULL),
(313, 40, '2026-03-12 00:00:00', '2025-08-21 00:00:00', 'Đã hủy', NULL, NULL),
(313, 33, '2026-06-05 00:00:00', '2025-08-20 00:00:00', 'Đã hủy', NULL, NULL),
(314, 51, '2026-02-27 00:00:00', NULL, 'Đã đăng ký', NULL, NULL),
(314, 70, '2025-08-27 00:00:00', NULL, 'Đã đăng ký', NULL, NULL),
(314, 58, '2025-11-16 00:00:00', NULL, 'Đã đăng ký', NULL, NULL),
(314, 64, '2023-09-16 00:00:00', NULL, 'Rớt môn', 'D+', 2.9),
(315, 38, '2025-10-05 00:00:00', '2025-08-22 00:00:00', 'Đã hủy', NULL, NULL),
(315, 33, '2026-06-11 00:00:00', '2025-08-22 00:00:00', 'Đã hủy', NULL, NULL),
(316, 46, '2025-05-05 00:00:00', NULL, 'Rớt môn', 'D+', 2.5),
(316, 43, '2024-10-05 00:00:00', NULL, 'Đã hoàn thành', 'A', 8.8),
(317, 25, '2024-01-22 00:00:00', NULL, 'Đã hoàn thành', 'A', 9.4),
(317, 28, '2026-05-13 00:00:00', '2025-08-22 00:00:00', 'Đã hủy', NULL, NULL),
(318, 11, '2024-03-21 00:00:00', NULL, 'Rớt môn', 'D', 1.2),
(318, 9, '2026-05-31 00:00:00', NULL, 'Đã đăng ký', NULL, NULL),
(318, 3, '2025-12-03 00:00:00', '2025-08-25 00:00:00', 'Đã hủy', NULL, NULL),
(318, 17, '2024-05-11 00:00:00', NULL, 'Rớt môn', 'C', 3.1),
(319, 58, '2025-11-13 00:00:00', NULL, 'Đã đăng ký', NULL, NULL),
(319, 52, '2024-05-27 00:00:00', NULL, 'Đã hoàn thành', 'B', 5.6),
(319, 70, '2025-08-27 00:00:00', NULL, 'Đã đăng ký', NULL, NULL),
(319, 61, '2024-06-04 00:00:00', NULL, 'Đã hoàn thành', 'B', 6.2),
(320, 33, '2026-05-31 00:00:00', '2025-08-24 00:00:00', 'Đã hủy', NULL, NULL),
(320, 40, '2026-03-04 00:00:00', '2025-08-25 00:00:00', 'Đã hủy', NULL, NULL),
(321, 61, '2024-06-04 00:00:00', NULL, 'Rớt môn', 'C+', 4.6),
(321, 69, '2024-09-10 00:00:00', NULL, 'Rớt môn', 'C', 3.4),
(321, 59, '2023-09-03 00:00:00', NULL, 'Đã hoàn thành', 'B', 6.3),
(321, 53, '2024-04-03 00:00:00', NULL, 'Rớt môn', 'D+', 2.5),
(322, 76, '2024-09-24 00:00:00', NULL, 'Rớt môn', 'D', 0.7),
(322, 72, '2024-10-15 00:00:00', NULL, 'Rớt môn', 'D', 1.0),
(323, 12, '2025-01-14 00:00:00', NULL, 'Rớt môn', 'D+', 1.5),
(323, 4, '2024-08-03 00:00:00', NULL, 'Đã hoàn thành', 'B+', 7.3),
(323, 8, '2025-06-19 00:00:00', NULL, 'Đã đăng ký', NULL, NULL),
(323, 16, '2024-08-31 00:00:00', NULL, 'Rớt môn', 'C', 3.1),
(324, 80, '2025-06-12 00:00:00', NULL, 'Đã đăng ký', NULL, NULL),
(324, 72, '2024-10-15 00:00:00', NULL, 'Đã hoàn thành', 'B', 6.4),
(325, 38, '2025-09-17 00:00:00', '2025-08-20 00:00:00', 'Đã hủy', NULL, NULL),
(325, 33, '2026-06-05 00:00:00', '2025-08-25 00:00:00', 'Đã hủy', NULL, NULL),
(326, 42, '2023-11-17 00:00:00', NULL, 'Đã hoàn thành', 'B', 6.2),
(326, 47, '2026-05-16 00:00:00', NULL, 'Đã đăng ký', NULL, NULL),
(327, 27, '2026-08-08 00:00:00', '2025-08-26 00:00:00', 'Đã hủy', NULL, NULL),
(327, 23, '2024-05-13 00:00:00', NULL, 'Đã hoàn thành', 'B', 6.1),
(328, 52, '2024-05-27 00:00:00', NULL, 'Rớt môn', 'D+', 1.5),
(328, 70, '2025-08-27 00:00:00', NULL, 'Đã đăng ký', NULL, NULL),
(328, 61, '2024-06-04 00:00:00', NULL, 'Rớt môn', 'D+', 2.3),
(328, 57, '2025-01-23 00:00:00', NULL, 'Đã hoàn thành', 'B+', 7.6),
(329, 67, '2026-03-14 00:00:00', NULL, 'Đã đăng ký', NULL, NULL),
(329, 54, '2026-02-21 00:00:00', '2025-08-20 00:00:00', 'Đã hủy', NULL, NULL),
(329, 59, '2023-09-03 00:00:00', NULL, 'Rớt môn', 'D+', 1.5),
(329, 64, '2023-09-16 00:00:00', NULL, 'Rớt môn', 'D+', 2.1),
(330, 45, '2024-01-14 00:00:00', NULL, 'Đã hoàn thành', 'A', 9.7),
(330, 46, '2025-05-05 00:00:00', NULL, 'Đã hoàn thành', 'A', 9.4),
(331, 78, '2024-11-13 00:00:00', NULL, 'Rớt môn', 'D', 0.6),
(331, 74, '2025-12-27 00:00:00', '2025-08-21 00:00:00', 'Đã hủy', NULL, NULL),
(332, 46, '2025-05-05 00:00:00', NULL, 'Rớt môn', 'D+', 1.5),
(332, 42, '2023-11-17 00:00:00', NULL, 'Đã hoàn thành', 'A', 9.4),
(333, 29, '2026-01-03 00:00:00', '2025-08-20 00:00:00', 'Đã hủy', NULL, NULL),
(333, 24, '2025-01-08 00:00:00', NULL, 'Rớt môn', 'C+', 4.7),
(334, 78, '2024-11-13 00:00:00', NULL, 'Đã hoàn thành', 'B+', 7.7),
(334, 72, '2024-10-15 00:00:00', NULL, 'Rớt môn', 'D', 1.0),
(335, 76, '2024-09-24 00:00:00', NULL, 'Đã hoàn thành', 'B+', 7.0),
(335, 72, '2024-10-15 00:00:00', NULL, 'Rớt môn', 'D+', 1.6),
(336, 74, '2026-01-10 00:00:00', '2025-08-25 00:00:00', 'Đã hủy', NULL, NULL),
(336, 77, '2025-03-27 00:00:00', NULL, 'Rớt môn', 'D', 0.3),
(337, 47, '2026-05-14 00:00:00', NULL, 'Đã đăng ký', NULL, NULL),
(337, 43, '2024-10-05 00:00:00', NULL, 'Đã hoàn thành', 'B+', 7.1),
(338, 44, '2026-07-19 00:00:00', NULL, 'Đã đăng ký', NULL, NULL),
(338, 48, '2026-03-08 00:00:00', '2025-08-25 00:00:00', 'Đã hủy', NULL, NULL),
(339, 26, '2024-11-07 00:00:00', NULL, 'Đã hoàn thành', 'A', 9.5),
(339, 21, '2024-01-04 00:00:00', NULL, 'Rớt môn', 'C+', 4.7),
(340, 24, '2025-01-08 00:00:00', NULL, 'Rớt môn', 'C', 3.1),
(340, 27, '2026-07-15 00:00:00', NULL, 'Đã đăng ký', NULL, NULL),
(341, 55, '2026-07-14 00:00:00', NULL, 'Đã đăng ký', NULL, NULL),
(341, 59, '2023-09-03 00:00:00', NULL, 'Đã hoàn thành', 'B+', 7.6),
(341, 62, '2025-04-10 00:00:00', NULL, 'Đã hoàn thành', 'B', 5.6),
(341, 66, '2026-08-21 00:00:00', '2025-08-24 00:00:00', 'Đã hủy', NULL, NULL),
(342, 38, '2025-09-26 00:00:00', '2025-08-21 00:00:00', 'Đã hủy', NULL, NULL),
(342, 33, '2026-06-01 00:00:00', NULL, 'Đã đăng ký', NULL, NULL),
(343, 32, '2024-10-02 00:00:00', NULL, 'Đã hoàn thành', 'C+', 5.1),
(343, 38, '2025-09-24 00:00:00', NULL, 'Đã đăng ký', NULL, NULL),
(344, 32, '2024-10-02 00:00:00', NULL, 'Rớt môn', 'D', 0.9),
(344, 38, '2025-10-06 00:00:00', '2025-08-23 00:00:00', 'Đã hủy', NULL, NULL),
(345, 76, '2024-09-24 00:00:00', NULL, 'Đã hoàn thành', 'B', 6.0),
(345, 72, '2024-10-15 00:00:00', NULL, 'Đã hoàn thành', 'A', 8.7),
(346, 43, '2024-10-05 00:00:00', NULL, 'Rớt môn', 'C+', 4.6),
(346, 47, '2026-05-19 00:00:00', '2025-08-24 00:00:00', 'Đã hủy', NULL, NULL),
(347, 13, '2025-02-15 00:00:00', NULL, 'Đã hoàn thành', 'A', 9.6),
(347, 18, '2023-12-29 00:00:00', NULL, 'Rớt môn', 'C', 3.0),
(347, 6, '2026-01-23 00:00:00', '2025-08-20 00:00:00', 'Đã hủy', NULL, NULL),
(347, 5, '2026-02-24 00:00:00', '2025-08-21 00:00:00', 'Đã hủy', NULL, NULL),
(348, 78, '2024-11-13 00:00:00', NULL, 'Đã hoàn thành', 'C+', 5.1),
(348, 72, '2024-10-15 00:00:00', NULL, 'Rớt môn', 'D+', 1.7),
(349, 52, '2024-05-27 00:00:00', NULL, 'Rớt môn', 'C+', 4.2),
(349, 57, '2025-01-23 00:00:00', NULL, 'Đã hoàn thành', 'B', 6.5),
(349, 62, '2025-04-10 00:00:00', NULL, 'Đã hoàn thành', 'B', 6.5),
(349, 66, '2026-08-05 00:00:00', '2025-08-20 00:00:00', 'Đã hủy', NULL, NULL),
(350, 4, '2024-08-03 00:00:00', NULL, 'Đã hoàn thành', 'B', 5.9),
(350, 7, '2024-11-26 00:00:00', NULL, 'Đã hoàn thành', 'B', 5.8),
(350, 11, '2024-03-21 00:00:00', NULL, 'Đã hoàn thành', 'B+', 7.4),
(350, 18, '2023-12-29 00:00:00', NULL, 'Đã hoàn thành', 'A', 9.6),
(351, 31, '2024-02-28 00:00:00', NULL, 'Rớt môn', 'C+', 4.4),
(351, 37, '2024-10-13 00:00:00', NULL, 'Rớt môn', 'C', 3.1),
(352, 65, '2026-05-20 00:00:00', NULL, 'Đã đăng ký', NULL, NULL),
(352, 53, '2024-04-03 00:00:00', NULL, 'Rớt môn', 'D+', 1.5),
(352, 59, '2023-09-03 00:00:00', NULL, 'Rớt môn', 'C', 3.1),
(352, 70, '2025-08-27 00:00:00', NULL, 'Đã đăng ký', NULL, NULL),
(353, 25, '2024-01-22 00:00:00', NULL, 'Rớt môn', 'D+', 2.9),
(353, 28, '2026-05-08 00:00:00', NULL, 'Đã đăng ký', NULL, NULL),
(354, 34, '2025-01-01 00:00:00', NULL, 'Đã hoàn thành', 'B+', 8.0),
(354, 40, '2026-03-09 00:00:00', NULL, 'Đã đăng ký', NULL, NULL),
(355, 24, '2025-01-08 00:00:00', NULL, 'Rớt môn', 'D', 1.0),
(355, 26, '2024-11-07 00:00:00', NULL, 'Đã hoàn thành', 'B', 5.7),
(356, 50, '2024-12-16 00:00:00', NULL, 'Rớt môn', 'D+', 2.6),
(356, 41, '2025-03-12 00:00:00', NULL, 'Đã hoàn thành', 'C+', 5.3),
(357, 31, '2024-02-28 00:00:00', NULL, 'Rớt môn', 'D', 1.2),
(357, 38, '2025-09-30 00:00:00', '2025-08-21 00:00:00', 'Đã hủy', NULL, NULL),
(358, 20, '2025-10-14 00:00:00', '2025-08-21 00:00:00', 'Đã hủy', NULL, NULL),
(358, 10, '2024-02-03 00:00:00', NULL, 'Rớt môn', 'D+', 1.8),
(358, 11, '2024-03-21 00:00:00', NULL, 'Rớt môn', 'C+', 4.6),
(358, 5, '2026-02-15 00:00:00', NULL, 'Đã đăng ký', NULL, NULL),
(359, 2, '2024-04-07 00:00:00', NULL, 'Rớt môn', 'D+', 1.7),
(359, 15, '2024-03-11 00:00:00', NULL, 'Đã hoàn thành', 'A', 9.1),
(359, 9, '2026-06-05 00:00:00', '2025-08-25 00:00:00', 'Đã hủy', NULL, NULL),
(359, 17, '2024-05-11 00:00:00', NULL, 'Đã hoàn thành', 'B', 5.5),
(360, 57, '2025-01-23 00:00:00', NULL, 'Đã hoàn thành', 'A', 9.5),
(360, 51, '2026-02-11 00:00:00', '2025-08-25 00:00:00', 'Đã hủy', NULL, NULL),
(360, 62, '2025-04-10 00:00:00', NULL, 'Rớt môn', 'C+', 4.3),
(360, 66, '2026-08-14 00:00:00', '2025-08-21 00:00:00', 'Đã hủy', NULL, NULL),
(361, 28, '2026-05-21 00:00:00', NULL, 'Đã đăng ký', NULL, NULL),
(361, 21, '2024-01-04 00:00:00', NULL, 'Rớt môn', 'C', 3.2),
(362, 40, '2026-03-22 00:00:00', NULL, 'Đã đăng ký', NULL, NULL),
(362, 33, '2026-06-09 00:00:00', '2025-08-24 00:00:00', 'Đã hủy', NULL, NULL),
(363, 50, '2024-12-16 00:00:00', NULL, 'Đã hoàn thành', 'B+', 7.5),
(363, 44, '2026-07-21 00:00:00', '2025-08-24 00:00:00', 'Đã hủy', NULL, NULL),
(364, 7, '2024-11-26 00:00:00', NULL, 'Rớt môn', 'C+', 4.2),
(364, 13, '2025-02-15 00:00:00', NULL, 'Đã hoàn thành', 'B', 5.5),
(364, 18, '2023-12-29 00:00:00', NULL, 'Đã hoàn thành', 'B', 6.8),
(364, 5, '2026-02-06 00:00:00', NULL, 'Đã đăng ký', NULL, NULL),
(365, 41, '2025-03-12 00:00:00', NULL, 'Đã hoàn thành', 'B+', 7.2),
(365, 47, '2026-05-16 00:00:00', '2025-08-21 00:00:00', 'Đã hủy', NULL, NULL),
(366, 66, '2026-08-06 00:00:00', NULL, 'Đã đăng ký', NULL, NULL),
(366, 52, '2024-05-27 00:00:00', NULL, 'Đã hoàn thành', 'B', 6.1),
(366, 62, '2025-04-10 00:00:00', NULL, 'Rớt môn', 'C+', 4.1),
(366, 59, '2023-09-03 00:00:00', NULL, 'Đã hoàn thành', 'B', 6.9),
(367, 26, '2024-11-07 00:00:00', NULL, 'Rớt môn', 'D', 0.5),
(367, 22, '2025-05-15 00:00:00', NULL, 'Đã đăng ký', NULL, NULL),
(368, 43, '2024-10-05 00:00:00', NULL, 'Rớt môn', 'D', 0.3),
(368, 46, '2025-05-05 00:00:00', NULL, 'Rớt môn', 'C+', 4.5),
(369, 44, '2026-06-27 00:00:00', NULL, 'Đã đăng ký', NULL, NULL),
(369, 50, '2024-12-16 00:00:00', NULL, 'Rớt môn', 'D+', 2.1),
(370, 60, '2026-07-31 00:00:00', '2025-08-21 00:00:00', 'Đã hủy', NULL, NULL),
(370, 51, '2026-03-01 00:00:00', '2025-08-24 00:00:00', 'Đã hủy', NULL, NULL),
(370, 68, '2023-10-30 00:00:00', NULL, 'Rớt môn', 'D+', 2.4),
(370, 64, '2023-09-16 00:00:00', NULL, 'Rớt môn', 'D', 0.9),
(371, 3, '2025-11-16 00:00:00', '2025-08-21 00:00:00', 'Đã hủy', NULL, NULL),
(371, 15, '2024-03-11 00:00:00', NULL, 'Đã hoàn thành', 'B+', 7.9),
(371, 16, '2024-08-31 00:00:00', NULL, 'Rớt môn', 'D+', 2.8),
(371, 9, '2026-05-28 00:00:00', NULL, 'Đã đăng ký', NULL, NULL),
(372, 13, '2025-02-15 00:00:00', NULL, 'Đã hoàn thành', 'C+', 5.1),
(372, 16, '2024-08-31 00:00:00', NULL, 'Đã hoàn thành', 'B', 6.7),
(372, 10, '2024-02-03 00:00:00', NULL, 'Rớt môn', 'C', 3.8),
(372, 5, '2026-02-02 00:00:00', '2025-08-20 00:00:00', 'Đã hủy', NULL, NULL),
(373, 15, '2024-03-11 00:00:00', NULL, 'Rớt môn', 'C', 3.1),
(373, 5, '2026-02-23 00:00:00', NULL, 'Đã đăng ký', NULL, NULL),
(373, 8, '2025-06-19 00:00:00', NULL, 'Đã đăng ký', NULL, NULL),
(373, 20, '2025-10-18 00:00:00', '2025-08-20 00:00:00', 'Đã hủy', NULL, NULL),
(374, 33, '2026-06-08 00:00:00', '2025-08-21 00:00:00', 'Đã hủy', NULL, NULL),
(374, 40, '2026-03-09 00:00:00', NULL, 'Đã đăng ký', NULL, NULL),
(375, 24, '2025-01-08 00:00:00', NULL, 'Rớt môn', 'D', 1.2),
(375, 30, '2024-06-22 00:00:00', NULL, 'Rớt môn', 'C+', 4.7),
(376, 53, '2024-04-03 00:00:00', NULL, 'Đã hoàn thành', 'B+', 7.7),
(376, 65, '2026-05-13 00:00:00', '2025-08-20 00:00:00', 'Đã hủy', NULL, NULL),
(376, 70, '2025-08-27 00:00:00', '2025-07-31 00:00:00', 'Đã hủy', NULL, NULL),
(376, 59, '2023-09-03 00:00:00', NULL, 'Đã hoàn thành', 'B', 6.7),
(377, 57, '2025-01-23 00:00:00', NULL, 'Đã hoàn thành', 'B', 6.2),
(377, 54, '2026-02-28 00:00:00', NULL, 'Đã đăng ký', NULL, NULL),
(377, 66, '2026-08-01 00:00:00', '2025-08-20 00:00:00', 'Đã hủy', NULL, NULL),
(377, 62, '2025-04-10 00:00:00', NULL, 'Đã hoàn thành', 'C+', 5.1),
(378, 21, '2024-01-04 00:00:00', NULL, 'Rớt môn', 'D+', 2.8),
(378, 30, '2024-06-22 00:00:00', NULL, 'Rớt môn', 'D', 0.8),
(379, 21, '2024-01-04 00:00:00', NULL, 'Đã hoàn thành', 'A', 9.1),
(379, 27, '2026-08-08 00:00:00', NULL, 'Đã đăng ký', NULL, NULL),
(380, 32, '2024-10-02 00:00:00', NULL, 'Đã hoàn thành', 'A', 9.4),
(380, 37, '2024-10-13 00:00:00', NULL, 'Đã hoàn thành', 'A', 9.1),
(381, 36, '2023-09-15 00:00:00', NULL, 'Rớt môn', 'D+', 2.6),
(381, 33, '2026-05-27 00:00:00', NULL, 'Đã đăng ký', NULL, NULL),
(382, 3, '2025-12-04 00:00:00', NULL, 'Đã đăng ký', NULL, NULL),
(382, 19, '2023-12-07 00:00:00', NULL, 'Đã hoàn thành', 'B+', 7.2),
(382, 9, '2026-05-19 00:00:00', NULL, 'Đã đăng ký', NULL, NULL),
(382, 14, '2026-02-07 00:00:00', '2025-08-20 00:00:00', 'Đã hủy', NULL, NULL),
(383, 27, '2026-07-22 00:00:00', '2025-08-20 00:00:00', 'Đã hủy', NULL, NULL),
(383, 21, '2024-01-04 00:00:00', NULL, 'Đã hoàn thành', 'B', 5.5),
(384, 30, '2024-06-22 00:00:00', NULL, 'Đã hoàn thành', 'B', 5.9),
(384, 21, '2024-01-04 00:00:00', NULL, 'Rớt môn', 'D+', 2.3),
(385, 71, '2024-10-17 00:00:00', NULL, 'Rớt môn', 'D+', 2.0),
(385, 80, '2025-06-12 00:00:00', NULL, 'Đã đăng ký', NULL, NULL),
(386, 62, '2025-04-10 00:00:00', NULL, 'Rớt môn', 'C', 3.4),
(386, 69, '2024-09-10 00:00:00', NULL, 'Rớt môn', 'D+', 2.2),
(386, 52, '2024-05-27 00:00:00', NULL, 'Rớt môn', 'C', 3.8),
(386, 59, '2023-09-03 00:00:00', NULL, 'Rớt môn', 'D+', 1.8),
(387, 15, '2024-03-11 00:00:00', NULL, 'Đã hoàn thành', 'A', 9.2),
(387, 7, '2024-11-26 00:00:00', NULL, 'Rớt môn', 'C+', 4.7),
(387, 2, '2024-04-07 00:00:00', NULL, 'Đã hoàn thành', 'C+', 5.1),
(387, 17, '2024-05-11 00:00:00', NULL, 'Rớt môn', 'C', 3.6),
(388, 32, '2024-10-02 00:00:00', NULL, 'Rớt môn', 'C', 3.2),
(388, 38, '2025-10-12 00:00:00', '2025-08-24 00:00:00', 'Đã hủy', NULL, NULL),
(389, 80, '2025-06-12 00:00:00', NULL, 'Đã đăng ký', NULL, NULL),
(389, 72, '2024-10-15 00:00:00', NULL, 'Rớt môn', 'C+', 4.5),
(390, 72, '2024-10-15 00:00:00', NULL, 'Rớt môn', 'C+', 4.0),
(390, 79, '2026-04-19 00:00:00', NULL, 'Đã đăng ký', NULL, NULL),
(391, 20, '2025-10-29 00:00:00', '2025-08-22 00:00:00', 'Đã hủy', NULL, NULL),
(391, 11, '2024-03-21 00:00:00', NULL, 'Đã hoàn thành', 'A', 8.9),
(391, 10, '2024-02-03 00:00:00', NULL, 'Đã hoàn thành', 'C+', 5.2),
(391, 5, '2026-02-09 00:00:00', NULL, 'Đã đăng ký', NULL, NULL),
(392, 41, '2025-03-12 00:00:00', NULL, 'Rớt môn', 'C', 3.7),
(392, 46, '2025-05-05 00:00:00', NULL, 'Rớt môn', 'C', 3.6),
(393, 33, '2026-05-19 00:00:00', NULL, 'Đã đăng ký', NULL, NULL),
(393, 40, '2026-03-09 00:00:00', NULL, 'Đã đăng ký', NULL, NULL),
(394, 33, '2026-05-31 00:00:00', '2025-08-22 00:00:00', 'Đã hủy', NULL, NULL),
(394, 40, '2026-03-29 00:00:00', '2025-08-24 00:00:00', 'Đã hủy', NULL, NULL),
(395, 41, '2025-03-12 00:00:00', NULL, 'Rớt môn', 'D', 0.2),
(395, 50, '2024-12-16 00:00:00', NULL, 'Rớt môn', 'C', 3.6),
(396, 66, '2026-08-09 00:00:00', '2025-08-22 00:00:00', 'Đã hủy', NULL, NULL),
(396, 54, '2026-03-01 00:00:00', NULL, 'Đã đăng ký', NULL, NULL),
(396, 58, '2025-11-13 00:00:00', '2025-08-22 00:00:00', 'Đã hủy', NULL, NULL),
(396, 64, '2023-09-16 00:00:00', NULL, 'Đã hoàn thành', 'A', 8.7),
(397, 44, '2026-07-17 00:00:00', '2025-08-20 00:00:00', 'Đã hủy', NULL, NULL),
(397, 50, '2024-12-16 00:00:00', NULL, 'Rớt môn', 'D+', 2.7),
(398, 23, '2024-05-13 00:00:00', NULL, 'Đã hoàn thành', 'B+', 7.5),
(398, 26, '2024-11-07 00:00:00', NULL, 'Rớt môn', 'C', 3.7),
(399, 80, '2025-06-12 00:00:00', NULL, 'Đã đăng ký', NULL, NULL),
(399, 72, '2024-10-15 00:00:00', NULL, 'Đã hoàn thành', 'B', 6.5),
(400, 45, '2024-01-14 00:00:00', NULL, 'Đã hoàn thành', 'B', 6.9),
(400, 47, '2026-05-12 00:00:00', NULL, 'Đã đăng ký', NULL, NULL),
(401, 37, '2024-10-13 00:00:00', NULL, 'Rớt môn', 'C+', 4.2),
(401, 35, '2026-07-11 00:00:00', NULL, 'Đã đăng ký', NULL, NULL),
(402, 38, '2025-10-15 00:00:00', NULL, 'Đã đăng ký', NULL, NULL),
(402, 33, '2026-05-19 00:00:00', '2025-08-20 00:00:00', 'Đã hủy', NULL, NULL),
(403, 46, '2025-05-05 00:00:00', NULL, 'Rớt môn', 'C', 3.3),
(403, 42, '2023-11-17 00:00:00', NULL, 'Rớt môn', 'C', 3.7),
(404, 26, '2024-11-07 00:00:00', NULL, 'Rớt môn', 'C', 3.2),
(404, 24, '2025-01-08 00:00:00', NULL, 'Đã hoàn thành', 'B', 5.9),
(405, 29, '2026-01-22 00:00:00', '2025-08-23 00:00:00', 'Đã hủy', NULL, NULL),
(405, 24, '2025-01-08 00:00:00', NULL, 'Rớt môn', 'D+', 2.9),
(406, 57, '2025-01-23 00:00:00', NULL, 'Đã hoàn thành', 'B+', 7.8),
(406, 53, '2024-04-03 00:00:00', NULL, 'Rớt môn', 'C', 3.8),
(406, 61, '2024-06-04 00:00:00', NULL, 'Đã hoàn thành', 'C+', 5.3),
(406, 66, '2026-08-05 00:00:00', '2025-08-22 00:00:00', 'Đã hủy', NULL, NULL),
(407, 75, '2024-12-16 00:00:00', NULL, 'Rớt môn', 'D+', 2.8),
(407, 79, '2026-04-17 00:00:00', NULL, 'Đã đăng ký', NULL, NULL),
(408, 22, '2025-05-15 00:00:00', NULL, 'Đã đăng ký', NULL, NULL),
(408, 30, '2024-06-22 00:00:00', NULL, 'Đã hoàn thành', 'B+', 7.4),
(409, 40, '2026-03-15 00:00:00', '2025-08-24 00:00:00', 'Đã hủy', NULL, NULL),
(409, 33, '2026-06-06 00:00:00', '2025-08-24 00:00:00', 'Đã hủy', NULL, NULL),
(410, 28, '2026-05-07 00:00:00', '2025-08-24 00:00:00', 'Đã hủy', NULL, NULL),
(410, 21, '2024-01-04 00:00:00', NULL, 'Đã hoàn thành', 'B+', 7.4),
(411, 23, '2024-05-13 00:00:00', NULL, 'Đã hoàn thành', 'A', 9.0),
(411, 27, '2026-07-17 00:00:00', '2025-08-25 00:00:00', 'Đã hủy', NULL, NULL),
(412, 66, '2026-08-02 00:00:00', NULL, 'Đã đăng ký', NULL, NULL),
(412, 61, '2024-06-04 00:00:00', NULL, 'Đã hoàn thành', 'B+', 7.4),
(412, 59, '2023-09-03 00:00:00', NULL, 'Đã hoàn thành', 'A', 10.0),
(412, 52, '2024-05-27 00:00:00', NULL, 'Rớt môn', 'D+', 1.6),
(413, 23, '2024-05-13 00:00:00', NULL, 'Rớt môn', 'D+', 2.4),
(413, 29, '2025-12-31 00:00:00', '2025-08-21 00:00:00', 'Đã hủy', NULL, NULL),
(414, 46, '2025-05-05 00:00:00', NULL, 'Rớt môn', 'D', 0.3),
(414, 42, '2023-11-17 00:00:00', NULL, 'Đã hoàn thành', 'B', 6.3),
(415, 47, '2026-05-25 00:00:00', '2025-08-24 00:00:00', 'Đã hủy', NULL, NULL),
(415, 45, '2024-01-14 00:00:00', NULL, 'Đã hoàn thành', 'A', 9.7),
(416, 38, '2025-09-24 00:00:00', NULL, 'Đã đăng ký', NULL, NULL),
(416, 32, '2024-10-02 00:00:00', NULL, 'Đã hoàn thành', 'A', 9.6),
(417, 77, '2025-03-27 00:00:00', NULL, 'Đã hoàn thành', 'B', 6.3),
(417, 71, '2024-10-17 00:00:00', NULL, 'Đã hoàn thành', 'B', 6.2),
(418, 71, '2024-10-17 00:00:00', NULL, 'Đã hoàn thành', 'A', 8.5),
(418, 79, '2026-05-01 00:00:00', NULL, 'Đã đăng ký', NULL, NULL),
(419, 33, '2026-05-23 00:00:00', '2025-08-23 00:00:00', 'Đã hủy', NULL, NULL),
(419, 38, '2025-09-28 00:00:00', NULL, 'Đã đăng ký', NULL, NULL),
(420, 39, '2026-07-01 00:00:00', NULL, 'Đã đăng ký', NULL, NULL),
(420, 34, '2025-01-01 00:00:00', NULL, 'Rớt môn', 'D', 1.2),
(421, 67, '2026-02-23 00:00:00', '2025-08-21 00:00:00', 'Đã hủy', NULL, NULL),
(421, 54, '2026-02-10 00:00:00', NULL, 'Đã đăng ký', NULL, NULL),
(421, 59, '2023-09-03 00:00:00', NULL, 'Rớt môn', 'D+', 2.5),
(421, 62, '2025-04-10 00:00:00', NULL, 'Rớt môn', 'D', 0.7),
(422, 54, '2026-02-10 00:00:00', '2025-08-26 00:00:00', 'Đã hủy', NULL, NULL),
(422, 60, '2026-07-26 00:00:00', '2025-08-20 00:00:00', 'Đã hủy', NULL, NULL),
(422, 65, '2026-05-02 00:00:00', '2025-08-22 00:00:00', 'Đã hủy', NULL, NULL),
(422, 66, '2026-08-16 00:00:00', NULL, 'Đã đăng ký', NULL, NULL),
(423, 22, '2025-05-15 00:00:00', NULL, 'Đã đăng ký', NULL, NULL),
(423, 26, '2024-11-07 00:00:00', NULL, 'Rớt môn', 'D', 1.0),
(424, 30, '2024-06-22 00:00:00', NULL, 'Rớt môn', 'D', 0.4),
(424, 24, '2025-01-08 00:00:00', NULL, 'Rớt môn', 'D+', 2.3),
(425, 24, '2025-01-08 00:00:00', NULL, 'Rớt môn', 'C', 3.3),
(425, 27, '2026-07-23 00:00:00', '2025-08-21 00:00:00', 'Đã hủy', NULL, NULL),
(426, 43, '2024-10-05 00:00:00', NULL, 'Đã hoàn thành', 'B+', 7.4),
(426, 48, '2026-03-17 00:00:00', NULL, 'Đã đăng ký', NULL, NULL),
(427, 70, '2025-08-27 00:00:00', NULL, 'Đã đăng ký', NULL, NULL),
(427, 58, '2025-11-14 00:00:00', NULL, 'Đã đăng ký', NULL, NULL),
(427, 54, '2026-02-28 00:00:00', NULL, 'Đã đăng ký', NULL, NULL),
(427, 64, '2023-09-16 00:00:00', NULL, 'Rớt môn', 'C+', 4.3),
(428, 24, '2025-01-08 00:00:00', NULL, 'Rớt môn', 'C', 3.2),
(428, 30, '2024-06-22 00:00:00', NULL, 'Đã hoàn thành', 'B+', 7.7),
(429, 30, '2024-06-22 00:00:00', NULL, 'Rớt môn', 'D', 0.2),
(429, 22, '2025-05-15 00:00:00', NULL, 'Đã đăng ký', NULL, NULL),
(430, 58, '2025-11-14 00:00:00', '2025-08-20 00:00:00', 'Đã hủy', NULL, NULL),
(430, 61, '2024-06-04 00:00:00', NULL, 'Đã hoàn thành', 'B+', 7.9),
(430, 51, '2026-02-06 00:00:00', NULL, 'Đã đăng ký', NULL, NULL),
(430, 67, '2026-03-06 00:00:00', NULL, 'Đã đăng ký', NULL, NULL),
(431, 75, '2024-12-16 00:00:00', NULL, 'Rớt môn', 'D+', 2.5),
(431, 79, '2026-05-06 00:00:00', '2025-08-21 00:00:00', 'Đã hủy', NULL, NULL),
(432, 29, '2026-01-16 00:00:00', NULL, 'Đã đăng ký', NULL, NULL),
(432, 24, '2025-01-08 00:00:00', NULL, 'Đã hoàn thành', 'B+', 7.0),
(433, 46, '2025-05-05 00:00:00', NULL, 'Rớt môn', 'D+', 2.0),
(433, 42, '2023-11-17 00:00:00', NULL, 'Đã hoàn thành', 'B+', 7.9),
(434, 44, '2026-07-15 00:00:00', '2025-08-26 00:00:00', 'Đã hủy', NULL, NULL),
(434, 50, '2024-12-16 00:00:00', NULL, 'Rớt môn', 'C+', 4.6),
(435, 69, '2024-09-10 00:00:00', NULL, 'Đã hoàn thành', 'B+', 7.6),
(435, 52, '2024-05-27 00:00:00', NULL, 'Rớt môn', 'D', 0.9),
(435, 56, '2024-08-29 00:00:00', NULL, 'Rớt môn', 'C+', 4.0),
(435, 61, '2024-06-04 00:00:00', NULL, 'Rớt môn', 'D+', 1.7),
(436, 14, '2026-02-24 00:00:00', '2025-08-25 00:00:00', 'Đã hủy', NULL, NULL),
(436, 1, '2024-12-15 00:00:00', NULL, 'Đã hoàn thành', 'A', 9.1),
(436, 8, '2025-06-19 00:00:00', NULL, 'Đã đăng ký', NULL, NULL),
(436, 17, '2024-05-11 00:00:00', NULL, 'Rớt môn', 'D', 0.7),
(437, 71, '2024-10-17 00:00:00', NULL, 'Rớt môn', 'D+', 2.6),
(437, 77, '2025-03-27 00:00:00', NULL, 'Đã hoàn thành', 'B+', 8.4),
(438, 41, '2025-03-12 00:00:00', NULL, 'Rớt môn', 'C+', 4.4),
(438, 47, '2026-05-19 00:00:00', NULL, 'Đã đăng ký', NULL, NULL),
(439, 36, '2023-09-15 00:00:00', NULL, 'Đã hoàn thành', 'A', 9.7),
(439, 31, '2024-02-28 00:00:00', NULL, 'Rớt môn', 'D', 1.1),
(440, 1, '2024-12-15 00:00:00', NULL, 'Đã hoàn thành', 'B+', 7.7),
(440, 11, '2024-03-21 00:00:00', NULL, 'Rớt môn', 'C', 3.4),
(440, 10, '2024-02-03 00:00:00', NULL, 'Đã hoàn thành', 'B+', 8.1),
(440, 17, '2024-05-11 00:00:00', NULL, 'Đã hoàn thành', 'B+', 7.0),
(441, 39, '2026-06-20 00:00:00', NULL, 'Đã đăng ký', NULL, NULL),
(441, 35, '2026-07-12 00:00:00', NULL, 'Đã đăng ký', NULL, NULL),
(442, 61, '2024-06-04 00:00:00', NULL, 'Rớt môn', 'D', 0.6),
(442, 53, '2024-04-03 00:00:00', NULL, 'Đã hoàn thành', 'C+', 5.0),
(442, 60, '2026-07-30 00:00:00', NULL, 'Đã đăng ký', NULL, NULL),
(442, 68, '2023-10-30 00:00:00', NULL, 'Đã hoàn thành', 'A', 9.7),
(443, 49, '2023-09-23 00:00:00', NULL, 'Rớt môn', 'D', 0.0),
(443, 43, '2024-10-05 00:00:00', NULL, 'Rớt môn', 'C', 3.4),
(444, 26, '2024-11-07 00:00:00', NULL, 'Đã hoàn thành', 'B', 5.8),
(444, 23, '2024-05-13 00:00:00', NULL, 'Rớt môn', 'D+', 1.9),
(445, 61, '2024-06-04 00:00:00', NULL, 'Rớt môn', 'C', 3.7),
(445, 58, '2025-11-17 00:00:00', '2025-08-23 00:00:00', 'Đã hủy', NULL, NULL),
(445, 66, '2026-08-16 00:00:00', '2025-08-25 00:00:00', 'Đã hủy', NULL, NULL),
(445, 55, '2026-08-01 00:00:00', '2025-08-20 00:00:00', 'Đã hủy', NULL, NULL),
(446, 14, '2026-03-02 00:00:00', '2025-08-20 00:00:00', 'Đã hủy', NULL, NULL),
(446, 18, '2023-12-29 00:00:00', NULL, 'Đã hoàn thành', 'A', 9.7),
(446, 6, '2025-12-26 00:00:00', NULL, 'Đã đăng ký', NULL, NULL),
(446, 4, '2024-08-03 00:00:00', NULL, 'Đã hoàn thành', 'B', 5.5),
(447, 32, '2024-10-02 00:00:00', NULL, 'Rớt môn', 'D+', 1.7),
(447, 37, '2024-10-13 00:00:00', NULL, 'Rớt môn', 'D+', 2.8),
(448, 33, '2026-06-08 00:00:00', '2025-08-26 00:00:00', 'Đã hủy', NULL, NULL),
(448, 40, '2026-03-12 00:00:00', '2025-08-21 00:00:00', 'Đã hủy', NULL, NULL),
(449, 37, '2024-10-13 00:00:00', NULL, 'Rớt môn', 'D+', 1.5),
(449, 32, '2024-10-02 00:00:00', NULL, 'Đã hoàn thành', 'A', 9.4),
(450, 44, '2026-07-09 00:00:00', NULL, 'Đã đăng ký', NULL, NULL),
(450, 50, '2024-12-16 00:00:00', NULL, 'Đã hoàn thành', 'B', 6.9),
(451, 38, '2025-10-13 00:00:00', '2025-08-20 00:00:00', 'Đã hủy', NULL, NULL),
(451, 34, '2025-01-01 00:00:00', NULL, 'Rớt môn', 'C+', 4.1),
(452, 23, '2024-05-13 00:00:00', NULL, 'Đã hoàn thành', 'B+', 7.4),
(452, 28, '2026-05-13 00:00:00', NULL, 'Đã đăng ký', NULL, NULL),
(453, 4, '2024-08-03 00:00:00', NULL, 'Đã hoàn thành', 'A', 8.5),
(453, 14, '2026-02-17 00:00:00', NULL, 'Đã đăng ký', NULL, NULL),
(453, 8, '2025-06-19 00:00:00', NULL, 'Đã đăng ký', NULL, NULL),
(453, 19, '2023-12-07 00:00:00', NULL, 'Rớt môn', 'D', 1.1),
(454, 34, '2025-01-01 00:00:00', NULL, 'Rớt môn', 'D', 0.3),
(454, 39, '2026-06-30 00:00:00', NULL, 'Đã đăng ký', NULL, NULL),
(455, 39, '2026-06-18 00:00:00', '2025-08-22 00:00:00', 'Đã hủy', NULL, NULL),
(455, 31, '2024-02-28 00:00:00', NULL, 'Đã hoàn thành', 'A', 9.3),
(456, 80, '2025-06-12 00:00:00', NULL, 'Đã đăng ký', NULL, NULL),
(456, 73, '2026-07-18 00:00:00', NULL, 'Đã đăng ký', NULL, NULL),
(457, 1, '2024-12-15 00:00:00', NULL, 'Đã hoàn thành', 'B', 6.7),
(457, 14, '2026-03-07 00:00:00', '2025-08-26 00:00:00', 'Đã hủy', NULL, NULL),
(457, 10, '2024-02-03 00:00:00', NULL, 'Rớt môn', 'C', 3.8),
(457, 17, '2024-05-11 00:00:00', NULL, 'Đã hoàn thành', 'B+', 8.2),
(458, 29, '2026-01-24 00:00:00', NULL, 'Đã đăng ký', NULL, NULL),
(458, 23, '2024-05-13 00:00:00', NULL, 'Đã hoàn thành', 'B', 6.4),
(459, 59, '2023-09-03 00:00:00', NULL, 'Đã hoàn thành', 'A', 8.6),
(459, 67, '2026-02-24 00:00:00', '2025-08-22 00:00:00', 'Đã hủy', NULL, NULL),
(459, 64, '2023-09-16 00:00:00', NULL, 'Đã hoàn thành', 'C+', 5.4),
(459, 52, '2024-05-27 00:00:00', NULL, 'Đã hoàn thành', 'A', 9.0),
(460, 26, '2024-11-07 00:00:00', NULL, 'Đã hoàn thành', 'B', 6.1),
(460, 24, '2025-01-08 00:00:00', NULL, 'Rớt môn', 'D+', 1.9),
(461, 13, '2025-02-15 00:00:00', NULL, 'Rớt môn', 'C', 3.4),
(461, 3, '2025-11-26 00:00:00', NULL, 'Đã đăng ký', NULL, NULL),
(461, 20, '2025-10-26 00:00:00', NULL, 'Đã đăng ký', NULL, NULL),
(462, 4, '2024-08-03 00:00:00', NULL, 'Đã hoàn thành', 'B', 5.8),
(462, 18, '2023-12-29 00:00:00', NULL, 'Rớt môn', 'D+', 2.9),
(462, 6, '2026-01-14 00:00:00', '2025-08-23 00:00:00', 'Đã hủy', NULL, NULL),
(462, 14, '2026-02-16 00:00:00', '2025-08-26 00:00:00', 'Đã hủy', NULL, NULL),
(463, 30, '2024-06-22 00:00:00', NULL, 'Rớt môn', 'C+', 4.4),
(463, 23, '2024-05-13 00:00:00', NULL, 'Đã hoàn thành', 'B+', 7.2),
(464, 34, '2025-01-01 00:00:00', NULL, 'Rớt môn', 'C', 3.6),
(464, 37, '2024-10-13 00:00:00', NULL, 'Rớt môn', 'D+', 2.0),
(465, 9, '2026-05-10 00:00:00', '2025-08-25 00:00:00', 'Đã hủy', NULL, NULL),
(465, 11, '2024-03-21 00:00:00', NULL, 'Đã hoàn thành', 'C+', 5.3),
(465, 3, '2025-12-07 00:00:00', NULL, 'Đã đăng ký', NULL, NULL),
(465, 17, '2024-05-11 00:00:00', NULL, 'Đã hoàn thành', 'B+', 7.6),
(466, 5, '2026-02-02 00:00:00', NULL, 'Đã đăng ký', NULL, NULL),
(466, 11, '2024-03-21 00:00:00', NULL, 'Rớt môn', 'D+', 1.7),
(466, 10, '2024-02-03 00:00:00', NULL, 'Đã hoàn thành', 'B+', 7.1),
(466, 17, '2024-05-11 00:00:00', NULL, 'Đã hoàn thành', 'B', 6.6),
(467, 43, '2024-10-05 00:00:00', NULL, 'Đã hoàn thành', 'B', 6.5),
(467, 47, '2026-05-11 00:00:00', '2025-08-24 00:00:00', 'Đã hủy', NULL, NULL),
(468, 9, '2026-05-18 00:00:00', NULL, 'Đã đăng ký', NULL, NULL),
(468, 3, '2025-11-22 00:00:00', '2025-08-25 00:00:00', 'Đã hủy', NULL, NULL),
(468, 18, '2023-12-29 00:00:00', NULL, 'Rớt môn', 'C', 3.3),
(468, 14, '2026-03-06 00:00:00', '2025-08-20 00:00:00', 'Đã hủy', NULL, NULL),
(469, 35, '2026-07-12 00:00:00', NULL, 'Đã đăng ký', NULL, NULL),
(469, 38, '2025-10-04 00:00:00', NULL, 'Đã đăng ký', NULL, NULL),
(470, 30, '2024-06-22 00:00:00', NULL, 'Đã hoàn thành', 'B', 6.8),
(470, 22, '2025-05-15 00:00:00', '2025-08-03 00:00:00', 'Đã hủy', NULL, NULL),
(471, 30, '2024-06-22 00:00:00', NULL, 'Đã hoàn thành', 'B', 6.5),
(471, 23, '2024-05-13 00:00:00', NULL, 'Đã hoàn thành', 'B', 6.7),
(472, 24, '2025-01-08 00:00:00', NULL, 'Rớt môn', 'D+', 2.4),
(472, 26, '2024-11-07 00:00:00', NULL, 'Đã hoàn thành', 'B+', 8.4),
(473, 46, '2025-05-05 00:00:00', NULL, 'Đã hoàn thành', 'A', 10.0),
(473, 42, '2023-11-17 00:00:00', NULL, 'Đã hoàn thành', 'A', 9.3),
(474, 31, '2024-02-28 00:00:00', NULL, 'Đã hoàn thành', 'B+', 7.2),
(474, 38, '2025-10-06 00:00:00', '2025-08-24 00:00:00', 'Đã hủy', NULL, NULL),
(475, 27, '2026-08-06 00:00:00', '2025-08-24 00:00:00', 'Đã hủy', NULL, NULL),
(475, 25, '2024-01-22 00:00:00', NULL, 'Rớt môn', 'C+', 4.7),
(476, 39, '2026-07-06 00:00:00', '2025-08-22 00:00:00', 'Đã hủy', NULL, NULL),
(476, 31, '2024-02-28 00:00:00', NULL, 'Đã hoàn thành', 'A', 9.7),
(477, 78, '2024-11-13 00:00:00', NULL, 'Rớt môn', 'C', 3.1),
(477, 74, '2025-12-19 00:00:00', NULL, 'Đã đăng ký', NULL, NULL),
(478, 45, '2024-01-14 00:00:00', NULL, 'Đã hoàn thành', 'B', 6.0),
(478, 50, '2024-12-16 00:00:00', NULL, 'Rớt môn', 'D+', 2.1),
(479, 65, '2026-05-11 00:00:00', NULL, 'Đã đăng ký', NULL, NULL),
(479, 60, '2026-08-03 00:00:00', NULL, 'Đã đăng ký', NULL, NULL),
(479, 66, '2026-08-25 00:00:00', NULL, 'Đã đăng ký', NULL, NULL),
(479, 51, '2026-02-25 00:00:00', '2025-08-25 00:00:00', 'Đã hủy', NULL, NULL),
(480, 65, '2026-05-21 00:00:00', NULL, 'Đã đăng ký', NULL, NULL),
(480, 53, '2024-04-03 00:00:00', NULL, 'Rớt môn', 'C', 3.6),
(480, 59, '2023-09-03 00:00:00', NULL, 'Đã hoàn thành', 'A', 9.5),
(480, 70, '2025-08-27 00:00:00', NULL, 'Đã đăng ký', NULL, NULL),
(481, 43, '2024-10-05 00:00:00', NULL, 'Rớt môn', 'D', 0.7),
(481, 49, '2023-09-23 00:00:00', NULL, 'Rớt môn', 'C', 3.1),
(482, 37, '2024-10-13 00:00:00', NULL, 'Rớt môn', 'D', 1.1),
(482, 31, '2024-02-28 00:00:00', NULL, 'Đã hoàn thành', 'B', 6.5),
(483, 57, '2025-01-23 00:00:00', NULL, 'Rớt môn', 'D', 0.8),
(483, 53, '2024-04-03 00:00:00', NULL, 'Rớt môn', 'D+', 1.6),
(483, 62, '2025-04-10 00:00:00', NULL, 'Đã hoàn thành', 'B', 6.7),
(483, 66, '2026-08-24 00:00:00', NULL, 'Đã đăng ký', NULL, NULL),
(484, 20, '2025-10-06 00:00:00', NULL, 'Đã đăng ký', NULL, NULL),
(484, 2, '2024-04-07 00:00:00', NULL, 'Rớt môn', 'D+', 1.5),
(484, 6, '2026-01-05 00:00:00', '2025-08-21 00:00:00', 'Đã hủy', NULL, NULL),
(484, 15, '2024-03-11 00:00:00', NULL, 'Đã hoàn thành', 'B+', 7.2),
(485, 21, '2024-01-04 00:00:00', NULL, 'Đã hoàn thành', 'B+', 7.5),
(485, 26, '2024-11-07 00:00:00', NULL, 'Rớt môn', 'D', 0.3),
(486, 25, '2024-01-22 00:00:00', NULL, 'Đã hoàn thành', 'B', 6.4),
(486, 28, '2026-05-07 00:00:00', NULL, 'Đã đăng ký', NULL, NULL),
(487, 37, '2024-10-13 00:00:00', NULL, 'Đã hoàn thành', 'B+', 8.0),
(487, 32, '2024-10-02 00:00:00', NULL, 'Rớt môn', 'C+', 4.4),
(488, 30, '2024-06-22 00:00:00', NULL, 'Đã hoàn thành', 'A', 8.8),
(488, 23, '2024-05-13 00:00:00', NULL, 'Rớt môn', 'C', 3.6),
(489, 9, '2026-05-26 00:00:00', '2025-08-24 00:00:00', 'Đã hủy', NULL, NULL),
(489, 15, '2024-03-11 00:00:00', NULL, 'Rớt môn', 'C+', 4.5),
(489, 2, '2024-04-07 00:00:00', NULL, 'Rớt môn', 'C+', 4.8),
(489, 16, '2024-08-31 00:00:00', NULL, 'Đã hoàn thành', 'A', 9.8),
(490, 33, '2026-06-09 00:00:00', '2025-08-20 00:00:00', 'Đã hủy', NULL, NULL),
(490, 40, '2026-03-09 00:00:00', '2025-08-20 00:00:00', 'Đã hủy', NULL, NULL),
(491, 77, '2025-03-27 00:00:00', NULL, 'Đã hoàn thành', 'A', 8.5),
(491, 71, '2024-10-17 00:00:00', NULL, 'Đã hoàn thành', 'B+', 8.0),
(492, 10, '2024-02-03 00:00:00', NULL, 'Đã hoàn thành', 'B', 5.8),
(492, 2, '2024-04-07 00:00:00', NULL, 'Rớt môn', 'D', 0.9),
(492, 16, '2024-08-31 00:00:00', NULL, 'Đã hoàn thành', 'B+', 7.4),
(493, 12, '2025-01-14 00:00:00', NULL, 'Rớt môn', 'C+', 4.7),
(493, 8, '2025-06-19 00:00:00', NULL, 'Đã đăng ký', NULL, NULL),
(493, 4, '2024-08-03 00:00:00', NULL, 'Đã hoàn thành', 'A', 9.9),
(493, 16, '2024-08-31 00:00:00', NULL, 'Rớt môn', 'D+', 1.7),
(494, 2, '2024-04-07 00:00:00', NULL, 'Rớt môn', 'C+', 4.2),
(494, 16, '2024-08-31 00:00:00', NULL, 'Đã hoàn thành', 'B+', 7.4),
(494, 15, '2024-03-11 00:00:00', NULL, 'Rớt môn', 'C', 3.1),
(494, 6, '2026-01-20 00:00:00', NULL, 'Đã đăng ký', NULL, NULL),
(495, 19, '2023-12-07 00:00:00', NULL, 'Đã hoàn thành', 'A', 9.0),
(495, 9, '2026-05-26 00:00:00', '2025-08-21 00:00:00', 'Đã hủy', NULL, NULL),
(495, 13, '2025-02-15 00:00:00', NULL, 'Rớt môn', 'C', 3.5),
(495, 5, '2026-02-03 00:00:00', NULL, 'Đã đăng ký', NULL, NULL),
(496, 2, '2024-04-07 00:00:00', NULL, 'Đã hoàn thành', 'B', 6.1),
(496, 10, '2024-02-03 00:00:00', NULL, 'Rớt môn', 'D+', 1.5),
(496, 16, '2024-08-31 00:00:00', NULL, 'Rớt môn', 'D+', 1.7),
(497, 50, '2024-12-16 00:00:00', NULL, 'Rớt môn', 'D+', 2.0),
(497, 41, '2025-03-12 00:00:00', NULL, 'Rớt môn', 'C+', 4.2),
(498, 30, '2024-06-22 00:00:00', NULL, 'Rớt môn', 'D', 0.9),
(498, 21, '2024-01-04 00:00:00', NULL, 'Đã hoàn thành', 'B', 5.9),
(499, 40, '2026-03-31 00:00:00', NULL, 'Đã đăng ký', NULL, NULL),
(499, 33, '2026-05-28 00:00:00', NULL, 'Đã đăng ký', NULL, NULL),
(500, 34, '2025-01-01 00:00:00', NULL, 'Đã hoàn thành', 'B+', 7.3),
(500, 39, '2026-06-14 00:00:00', NULL, 'Đã đăng ký', NULL, NULL);

